"Tarih","Şimdi","Açılış","Yüksek","Düşük","Hac.","Fark %"
"29.12.2023","36,440","36,700","36,940","36,400","38,86M","-0,55%"
"28.12.2023","36,640","36,540","37,040","36,200","44,73M","0,38%"
"27.12.2023","36,500","38,100","38,280","36,500","42,14M","-4,25%"
"26.12.2023","38,120","37,600","38,980","37,600","39,50M","1,60%"
"25.12.2023","37,520","38,580","38,580","36,280","29,59M","-2,80%"
"22.12.2023","38,600","40,280","40,380","38,480","33,59M","-4,12%"
"21.12.2023","40,260","40,280","40,600","39,340","38,08M","-0,05%"
"20.12.2023","40,280","41,380","41,760","40,280","38,65M","-0,44%"
"19.12.2023","40,460","41,600","41,880","40,040","41,35M","-2,60%"
"18.12.2023","41,540","42,100","43,080","41,540","53,62M","-2,12%"
"15.12.2023","42,440","43,100","43,300","41,820","82,33M","-1,53%"
"14.12.2023","43,100","43,280","43,360","40,780","95,60M","0,19%"
"13.12.2023","43,020","45,000","45,900","43,020","126,24M","-10,00%"
"12.12.2023","47,800","48,720","49,000","47,740","30,92M","-2,33%"
"11.12.2023","48,940","49,640","50,250","47,840","48,92M","-1,53%"
"08.12.2023","49,700","50,450","52,450","49,340","49,30M","-1,78%"
"07.12.2023","50,600","48,820","50,600","47,900","52,77M","5,42%"
"06.12.2023","48,000","51,850","51,950","48,000","49,26M","-7,43%"
"05.12.2023","51,850","53,550","54,050","51,400","39,18M","-3,17%"
"04.12.2023","53,550","52,500","54,600","51,650","69,10M","2,39%"
"01.12.2023","52,300","51,050","53,450","50,900","77,26M","4,85%"
"30.11.2023","49,880","51,100","51,100","48,340","75,29M","-2,39%"
"29.11.2023","51,100","49,180","51,400","48,840","85,02M","4,07%"
"28.11.2023","49,100","46,700","50,150","46,140","100,51M","5,27%"
"27.11.2023","46,640","44,260","47,400","44,260","78,56M","5,71%"
"24.11.2023","44,120","43,420","44,580","43,420","28,78M","1,61%"
"23.11.2023","43,420","43,800","44,420","43,420","24,45M","-1,00%"
"22.11.2023","43,860","44,360","44,540","43,660","22,10M","-1,08%"
"21.11.2023","44,340","44,600","45,540","44,200","42,53M","0,09%"
"20.11.2023","44,300","44,080","45,320","44,040","41,90M","0,96%"
"17.11.2023","43,880","44,220","44,260","43,660","22,86M","-0,72%"
"16.11.2023","44,200","44,200","44,980","43,880","41,14M","-0,45%"
"15.11.2023","44,400","43,600","45,180","43,580","51,16M","2,16%"
"14.11.2023","43,460","43,240","43,800","42,620","27,57M","0,88%"
"13.11.2023","43,080","44,000","44,820","43,040","31,69M","-2,09%"
"10.11.2023","44,000","44,280","44,340","43,560","20,85M","-0,72%"
"09.11.2023","44,320","44,120","44,620","43,680","28,00M","-0,23%"
"08.11.2023","44,420","45,140","45,560","44,280","26,14M","-1,07%"
"07.11.2023","44,900","46,000","46,480","44,780","34,77M","-1,84%"
"06.11.2023","45,740","46,460","47,220","45,440","48,09M","-0,52%"
"03.11.2023","45,980","44,300","47,420","44,140","91,32M","3,84%"
"02.11.2023","44,280","45,200","45,780","43,960","42,07M","0,87%"
"01.11.2023","43,900","42,920","43,900","42,080","48,99M","2,67%"
"31.10.2023","42,760","44,100","44,380","42,340","32,48M","-2,55%"
"30.10.2023","43,880","42,640","45,860","42,040","71,04M","2,96%"
"27.10.2023","42,620","43,280","43,360","41,840","30,84M","-1,57%"
"26.10.2023","43,300","42,660","44,600","42,140","50,91M","1,98%"
"25.10.2023","42,460","47,000","47,060","42,320","59,57M","-9,62%"
"24.10.2023","46,980","45,420","49,120","45,040","108,31M","3,43%"
"23.10.2023","45,420","42,420","45,420","41,260","59,10M","9,98%"
"20.10.2023","41,300","41,200","43,280","40,920","54,23M","-1,48%"
"19.10.2023","41,920","42,740","43,760","41,880","32,11M","-2,06%"
"18.10.2023","42,800","42,920","42,980","42,180","25,14M","-2,06%"
"17.10.2023","43,700","42,900","43,740","42,540","28,91M","1,96%"
"16.10.2023","42,860","44,780","45,440","42,800","30,89M","-3,56%"
"13.10.2023","44,440","45,240","45,300","43,720","30,46M","-1,77%"
"12.10.2023","45,240","46,140","46,320","43,920","36,34M","-1,18%"
"11.10.2023","45,780","45,780","46,800","45,300","45,47M","-0,22%"
"10.10.2023","45,880","45,960","46,460","45,400","37,53M","1,68%"
"09.10.2023","45,120","45,680","47,200","45,080","66,99M","-2,13%"
"06.10.2023","46,100","46,540","46,800","46,040","27,43M","-1,87%"
"05.10.2023","46,980","47,000","47,400","45,800","41,92M","0,17%"
"04.10.2023","46,900","47,980","48,500","46,800","57,11M","-2,25%"
"03.10.2023","47,980","48,660","49,180","47,580","43,91M","-1,36%"
"02.10.2023","48,640","49,220","49,500","48,600","39,41M","-1,10%"
"29.09.2023","49,180","48,200","49,900","47,980","77,50M","2,03%"
"28.09.2023","48,200","48,460","49,220","47,440","97,63M","-0,25%"
"27.09.2023","48,320","50,850","50,900","48,320","90,77M","-4,22%"
"26.09.2023","50,450","47,580","50,450","46,420","189,68M","9,91%"
"25.09.2023","45,900","45,600","46,220","45,100","59,68M","0,83%"
"22.09.2023","45,520","46,300","46,860","45,340","45,03M","-1,68%"
"21.09.2023","46,300","45,600","46,560","44,420","59,59M","1,54%"
"20.09.2023","45,600","46,720","47,040","45,600","59,49M","-2,36%"
"19.09.2023","46,700","46,500","47,180","46,240","39,18M","0,65%"
"18.09.2023","46,400","49,000","49,220","46,400","45,05M","-5,31%"
"15.09.2023","49,000","50,150","50,300","48,660","64,26M","-1,01%"
"14.09.2023","49,500","51,900","52,900","47,860","170,61M","-0,40%"
"13.09.2023","49,700","51,200","51,650","49,500","38,82M","-2,64%"
"12.09.2023","51,050","51,800","52,650","51,000","38,03M","-1,26%"
"11.09.2023","51,700","53,350","53,850","51,550","39,92M","-2,45%"
"08.09.2023","53,000","54,200","54,700","52,900","34,65M","-1,67%"
"07.09.2023","53,900","55,600","55,900","53,400","44,30M","-1,19%"
"06.09.2023","54,550","53,500","56,350","53,050","116,11M","2,92%"
"05.09.2023","53,000","52,150","54,150","51,950","64,09M","2,22%"
"04.09.2023","51,850","52,300","52,900","51,850","38,37M","-0,29%"
"01.09.2023","52,000","52,850","53,150","51,550","37,31M","-1,42%"
"31.08.2023","52,750","51,900","53,950","51,300","80,22M","2,23%"
"29.08.2023","51,600","52,800","53,150","51,300","39,23M","-1,90%"
"28.08.2023","52,600","52,950","54,050","52,300","56,97M","-0,38%"
"25.08.2023","52,800","52,200","53,400","50,900","39,14M","1,83%"
"24.08.2023","51,850","52,000","55,450","51,450","77,17M","-0,19%"
"23.08.2023","51,950","53,300","54,100","51,950","34,43M","-2,26%"
"22.08.2023","53,150","55,000","55,050","52,750","36,53M","-3,19%"
"21.08.2023","54,900","52,350","55,500","51,900","48,85M","4,87%"
"18.08.2023","52,350","54,200","54,350","51,550","43,68M","-3,23%"
"17.08.2023","54,100","54,100","55,100","53,500","46,14M","0,00%"
"16.08.2023","54,100","54,800","55,550","54,100","41,47M","-1,28%"
"15.08.2023","54,800","55,400","56,400","53,900","51,14M","-0,99%"
"14.08.2023","55,350","57,000","57,450","55,150","44,17M","-2,81%"
"11.08.2023","56,950","55,100","57,150","54,000","42,53M","3,45%"
"10.08.2023","55,050","57,800","57,950","54,500","50,67M","-4,68%"
"09.08.2023","57,750","56,700","58,650","56,700","66,58M","1,94%"
"08.08.2023","56,650","58,000","58,300","56,000","65,79M","-3,57%"
"07.08.2023","58,750","61,500","61,650","58,100","103,93M","-8,06%"
"04.08.2023","63,900","62,950","64,350","62,500","59,35M","2,00%"
"03.08.2023","62,650","63,650","64,900","62,350","66,27M","-1,34%"
"02.08.2023","63,500","65,450","66,400","63,350","95,68M","-1,40%"
"01.08.2023","64,400","61,200","66,350","61,150","193,41M","5,66%"
"31.07.2023","60,950","60,950","62,500","60,700","71,15M","0,41%"
"28.07.2023","60,700","61,050","61,700","60,600","44,88M","0,75%"
"27.07.2023","60,250","60,950","61,750","60,200","34,58M","-0,82%"
"26.07.2023","60,750","59,100","60,850","58,700","42,23M","2,79%"
"25.07.2023","59,100","60,900","61,550","58,650","44,16M","-2,72%"
"24.07.2023","60,750","61,150","63,400","60,150","73,06M","-0,25%"
"21.07.2023","60,900","62,000","62,050","60,350","39,01M","-1,77%"
"20.07.2023","62,000","62,900","62,900","60,850","53,46M","-0,40%"
"19.07.2023","62,250","61,550","62,450","60,650","42,84M","1,06%"
"18.07.2023","61,600","64,000","64,800","61,350","73,19M","-3,30%"
"17.07.2023","63,700","61,150","64,450","61,100","82,27M","4,77%"
"14.07.2023","60,800","60,200","61,600","59,150","46,42M","1,33%"
"13.07.2023","60,000","61,300","61,750","59,600","43,72M","-2,12%"
"12.07.2023","61,300","62,250","63,000","61,200","61,82M","-0,97%"
"11.07.2023","61,900","59,800","62,350","59,250","90,22M","5,00%"
"10.07.2023","58,950","59,100","59,700","58,700","41,10M","1,46%"
"07.07.2023","58,100","58,050","58,700","57,250","32,54M","0,09%"
"06.07.2023","58,050","59,200","59,550","58,000","33,35M","-1,61%"
"05.07.2023","59,000","59,000","59,300","56,950","38,79M","0,34%"
"04.07.2023","58,800","59,000","60,750","58,600","52,26M","1,20%"
"03.07.2023","58,100","57,450","58,850","57,400","36,66M","2,02%"
"27.06.2023","56,950","57,000","57,050","56,250","11,05M","-0,09%"
"26.06.2023","57,000","55,450","57,750","55,200","45,33M","2,89%"
"23.06.2023","55,400","55,050","55,750","53,750","32,52M","2,31%"
"22.06.2023","54,150","51,700","54,500","51,300","51,22M","4,74%"
"21.06.2023","51,700","53,350","53,600","51,500","34,80M","-2,27%"
"20.06.2023","52,900","53,050","54,750","52,700","47,12M","-0,28%"
"19.06.2023","53,050","55,500","55,700","53,050","38,69M","-4,41%"
"16.06.2023","55,500","56,650","56,950","54,650","44,23M","-1,42%"
"15.06.2023","56,300","55,700","57,450","54,500","92,17M","2,46%"
"14.06.2023","54,950","56,650","57,850","53,400","91,00M","-2,48%"
"13.06.2023","56,350","57,600","61,400","56,350","117,63M","-9,98%"
"12.06.2023","62,600","66,000","66,450","62,600","47,60M","-4,50%"
"09.06.2023","65,550","66,600","67,900","65,450","36,58M","-0,53%"
"08.06.2023","65,900","66,250","67,050","64,200","55,20M","-0,60%"
"07.06.2023","66,300","68,000","70,000","65,700","67,95M","-0,08%"
"06.06.2023","66,350","64,500","68,200","63,650","105,25M","4,00%"
"05.06.2023","63,800","60,100","63,800","59,950","48,98M","10,00%"
"02.06.2023","58,000","55,300","59,250","55,000","61,32M","7,41%"
"01.06.2023","54,000","54,600","55,000","54,000","28,25M","0,00%"
"31.05.2023","54,000","54,750","54,850","53,150","44,37M","-1,37%"
"30.05.2023","54,750","54,200","55,200","53,500","45,44M","2,24%"
"29.05.2023","53,550","52,950","54,450","51,750","45,48M","6,57%"
"26.05.2023","50,250","48,780","51,300","48,320","50,23M","3,35%"
"25.05.2023","48,620","50,900","51,600","48,620","45,00M","-4,01%"
"24.05.2023","50,650","50,000","52,750","49,580","84,23M","1,30%"
"23.05.2023","50,000","45,820","50,600","45,000","82,35M","8,59%"
"22.05.2023","46,044","43,478","46,261","43,413","44,61M","6,81%"
"18.05.2023","43,109","46,304","47,522","43,109","40,47M","-3,64%"
"17.05.2023","44,739","43,413","45,261","42,891","25,76M","3,11%"
"16.05.2023","43,391","40,957","43,391","40,957","21,77M","6,11%"
"15.05.2023","40,891","40,652","43,913","39,348","31,43M","-1,62%"
"12.05.2023","41,565","41,978","42,783","41,087","23,19M","-0,93%"
"11.05.2023","41,957","39,652","42,522","39,652","29,07M","5,87%"
"10.05.2023","39,630","39,783","40,239","38,978","14,83M","-0,38%"
"09.05.2023","39,783","41,000","41,587","39,696","15,27M","-2,66%"
"08.05.2023","40,870","41,500","41,935","40,109","21,97M","-1,21%"
"05.05.2023","41,370","43,000","43,130","41,174","18,82M","-5,23%"
"04.05.2023","43,652","43,478","44,130","43,000","17,55M","1,01%"
"03.05.2023","43,217","43,957","44,391","41,717","33,60M","-1,29%"
"02.05.2023","43,783","43,370","44,304","42,457","26,76M","1,10%"
"28.04.2023","43,304","45,522","45,565","43,261","23,43M","-4,78%"
"27.04.2023","45,478","45,000","46,087","44,652","21,62M","1,16%"
"26.04.2023","44,957","45,739","46,174","44,609","17,68M","-1,71%"
"25.04.2023","45,739","46,565","46,739","45,130","19,35M","-1,59%"
"24.04.2023","46,478","45,957","46,696","45,870","14,22M","1,62%"
"20.04.2023","45,739","45,783","46,087","45,217","5,27M","-0,19%"
"19.04.2023","45,826","46,130","46,565","45,217","12,95M","-0,47%"
"18.04.2023","46,044","47,087","47,435","45,826","15,55M","-2,22%"
"17.04.2023","47,087","47,348","48,609","46,696","25,78M","-0,28%"
"14.04.2023","47,217","47,522","48,304","47,174","18,19M","-0,55%"
"13.04.2023","47,478","49,130","49,652","47,478","23,11M","-2,85%"
"12.04.2023","48,870","47,087","49,348","46,739","46,52M","3,79%"
"11.04.2023","47,087","47,609","48,130","46,696","33,99M","-0,91%"
"10.04.2023","47,522","45,652","48,304","45,478","46,20M","4,89%"
"07.04.2023","45,304","44,435","45,870","44,348","17,32M","2,06%"
"06.04.2023","44,391","45,087","45,478","44,130","16,47M","-1,45%"
"05.04.2023","45,044","46,174","46,609","45,000","17,30M","-2,26%"
"04.04.2023","46,087","44,957","46,652","44,522","26,21M","2,51%"
"03.04.2023","44,957","43,696","46,000","42,978","32,38M","2,99%"
"31.03.2023","43,652","44,609","44,739","43,652","20,67M","-2,90%"
"30.03.2023","44,957","46,435","46,739","44,826","21,09M","-3,09%"
"29.03.2023","46,391","43,457","47,348","43,457","36,41M","7,13%"
"28.03.2023","43,304","45,174","45,304","43,304","23,68M","-4,14%"
"27.03.2023","45,174","46,522","46,739","45,174","19,24M","-2,44%"
"24.03.2023","46,304","46,000","47,174","45,826","25,79M","0,85%"
"23.03.2023","45,913","46,217","46,522","45,565","22,33M","-0,66%"
"22.03.2023","46,217","46,522","47,435","45,913","28,39M","-1,57%"
"21.03.2023","46,957","46,087","47,217","45,391","41,00M","1,89%"
"20.03.2023","46,087","48,609","48,826","46,087","39,80M","-5,10%"
"17.03.2023","48,565","50,957","51,130","48,565","37,53M","-3,29%"
"16.03.2023","50,217","49,000","51,304","48,609","74,96M","1,05%"
"15.03.2023","49,696","50,130","50,957","48,261","50,77M","1,24%"
"14.03.2023","49,087","51,348","51,696","48,870","40,55M","-5,21%"
"13.03.2023","51,783","49,783","52,000","49,652","77,40M","6,91%"
"10.03.2023","48,435","47,783","49,130","47,783","27,78M","2,11%"
"09.03.2023","47,435","47,913","48,565","47,391","16,85M","-1,00%"
"08.03.2023","47,913","48,044","48,739","47,435","18,49M","0,18%"
"07.03.2023","47,826","49,261","49,565","47,826","23,76M","-1,52%"
"06.03.2023","48,565","47,130","49,783","46,957","34,91M","3,04%"
"03.03.2023","47,130","46,957","47,609","44,826","31,10M","0,09%"
"02.03.2023","47,087","48,826","49,652","46,652","25,32M","-4,16%"
"01.03.2023","49,130","48,522","50,130","48,261","33,65M","2,73%"
"28.02.2023","47,826","47,783","48,304","46,652","25,41M","2,42%"
"27.02.2023","46,696","45,478","47,174","44,044","43,55M","2,38%"
"24.02.2023","45,609","46,652","46,826","45,435","17,55M","-2,60%"
"23.02.2023","46,826","44,391","48,478","44,130","39,50M","0,37%"
"22.02.2023","46,652","49,000","49,739","46,652","26,86M","-4,96%"
"21.02.2023","49,087","50,783","51,609","48,957","39,95M","-3,67%"
"20.02.2023","50,957","51,000","52,261","50,044","38,76M","0,34%"
"17.02.2023","50,783","47,652","51,870","46,609","37,84M","4,66%"
"16.02.2023","48,522","48,522","48,522","45,783","53,61M","9,95%"
"15.02.2023","44,130","44,130","44,130","42,848","7,39M","9,97%"
"07.02.2023","40,130","44,261","44,261","39,891","9,06M","-9,42%"
"06.02.2023","44,304","44,044","45,261","43,478","4,90M","-4,41%"
"03.02.2023","46,348","46,304","47,000","45,044","9,37M","-0,74%"
"02.02.2023","46,696","44,348","47,348","43,870","12,34M","6,65%"
"01.02.2023","43,783","43,913","45,174","42,957","6,40M","0,40%"
"31.01.2023","43,609","45,087","46,261","43,609","7,00M","-4,20%"
"30.01.2023","45,522","46,870","46,870","45,130","7,00M","-3,06%"
"27.01.2023","46,957","44,348","47,522","43,522","10,08M","5,88%"
"26.01.2023","44,348","44,565","45,870","43,478","6,58M","-2,02%"
"25.01.2023","45,261","46,783","46,826","43,913","9,16M","-3,34%"
"24.01.2023","46,826","45,435","46,957","44,044","12,52M","-0,74%"
"23.01.2023","47,174","49,652","49,783","47,174","19,17M","-9,96%"
"20.01.2023","52,391","52,391","52,957","51,652","7,92M","-0,17%"
"19.01.2023","52,478","52,696","52,957","51,435","10,84M","-1,87%"
"18.01.2023","53,478","50,348","54,348","49,565","18,25M","5,85%"
"17.01.2023","50,522","51,609","51,739","49,783","10,92M","-2,02%"
"16.01.2023","51,565","52,261","53,522","49,652","13,79M","-0,75%"
"13.01.2023","51,957","49,130","53,217","49,087","17,75M","5,85%"
"12.01.2023","49,087","44,783","49,087","44,783","16,83M","9,93%"
"11.01.2023","44,652","43,913","45,652","43,044","11,98M","1,68%"
"10.01.2023","43,913","43,217","45,217","41,304","9,97M","2,59%"
"09.01.2023","42,804","42,957","42,957","40,826","8,43M","3,63%"
"06.01.2023","41,304","39,696","43,174","38,652","11,23M","4,00%"
"05.01.2023","39,717","42,609","42,696","38,957","10,18M","-6,79%"
"04.01.2023","42,609","45,000","45,000","42,457","11,48M","-5,50%"
"03.01.2023","45,087","46,870","46,957","44,565","10,33M","-3,80%"
"02.01.2023","46,870","47,826","47,826","46,652","6,06M","-2,00%"
"30.12.2022","47,826","47,130","48,261","45,870","6,97M","1,85%"
"29.12.2022","46,957","47,261","48,087","46,609","5,49M","-0,83%"
"28.12.2022","47,348","46,044","47,739","45,130","8,15M","2,83%"
"27.12.2022","46,044","48,261","48,261","45,870","10,19M","-4,59%"
"26.12.2022","48,261","50,783","50,783","48,261","11,13M","-4,97%"
"23.12.2022","50,783","49,870","52,348","49,870","11,28M","-6,56%"
"22.12.2022","54,348","54,044","55,435","53,000","11,45M","0,56%"
"21.12.2022","54,044","51,478","55,087","50,609","15,91M","4,98%"
"20.12.2022","51,478","50,217","52,261","49,130","9,64M","1,11%"
"19.12.2022","50,913","49,565","51,000","48,087","12,18M","2,72%"
"16.12.2022","49,565","49,783","49,783","47,304","8,72M","-0,87%"
"15.12.2022","50,000","49,304","50,870","47,870","8,02M","1,32%"
"14.12.2022","49,348","51,696","51,696","47,913","13,58M","-5,02%"
"13.12.2022","51,957","51,304","53,565","50,000","15,64M","-3,71%"
"12.12.2022","53,957","51,261","54,435","49,652","31,77M","8,96%"
"09.12.2022","49,522","45,044","49,522","44,826","13,55M","9,94%"
"08.12.2022","45,044","45,217","46,522","43,696","9,27M","-1,33%"
"07.12.2022","45,652","46,130","49,609","44,783","16,80M","-7,24%"
"06.12.2022","49,217","42,630","50,522","42,261","36,92M","4,81%"
"05.12.2022","46,957","51,522","51,522","46,957","15,84M","-10,00%"
"02.12.2022","52,174","56,087","56,087","51,087","23,87M","-7,76%"
"01.12.2022","56,565","56,044","59,783","53,261","27,78M","0,31%"
"30.11.2022","56,391","54,739","57,348","54,739","97,15M","-7,22%"
"29.11.2022","60,783","56,391","62,565","53,609","25,85M","5,03%"
"28.11.2022","57,870","56,087","58,739","50,957","33,58M","2,23%"
"25.11.2022","56,609","61,304","61,348","55,739","23,24M","-8,57%"
"24.11.2022","61,913","65,217","65,217","59,957","17,03M","-5,82%"
"23.11.2022","65,739","64,957","69,522","58,652","35,04M","1,20%"
"22.11.2022","64,957","53,522","64,957","53,478","84,81M","9,93%"
"21.11.2022","59,087","59,087","59,087","59,087","5,07M","-10,00%"
"18.11.2022","65,652","65,652","65,652","65,652","3,75M","-9,96%"
"17.11.2022","72,913","81,435","82,217","72,913","18,04M","-9,98%"
"16.11.2022","81,000","76,783","81,131","76,783","60,21M","9,78%"
"15.11.2022","73,783","67,609","73,783","67,609","39,67M","9,98%"
"14.11.2022","67,087","63,957","67,174","63,348","26,29M","4,89%"
"11.11.2022","63,957","64,783","65,870","63,087","24,82M","2,80%"
"10.11.2022","62,217","61,565","63,478","60,870","30,46M","1,27%"
"09.11.2022","61,435","60,478","63,044","60,478","27,08M","1,58%"
"08.11.2022","60,478","61,478","62,130","59,565","36,93M","-1,63%"
"07.11.2022","61,478","62,174","65,261","59,087","53,85M","-1,46%"
"04.11.2022","62,391","59,217","63,826","59,217","50,69M","5,59%"
"03.11.2022","59,087","54,870","60,435","52,522","77,76M","7,52%"
"02.11.2022","54,957","56,522","56,522","53,696","57,01M","-3,88%"
"01.11.2022","57,174","53,261","57,348","53,044","77,73M","9,40%"
"31.10.2022","52,261","47,565","52,261","47,565","54,86M","9,97%"
"28.10.2022","47,522","45,174","47,783","44,565","29,99M","5,20%"
"27.10.2022","45,174","45,348","45,957","44,304","22,73M","-0,29%"
"26.10.2022","45,304","45,739","47,391","44,565","33,44M","-0,76%"
"25.10.2022","45,652","43,478","46,957","43,478","68,87M","5,00%"
"24.10.2022","43,478","40,544","44,087","39,978","64,95M","7,35%"
"21.10.2022","40,500","37,065","40,761","36,761","80,77M","9,27%"
"20.10.2022","37,065","36,891","37,609","36,261","35,40M","0,47%"
"19.10.2022","36,891","37,326","37,696","36,739","26,70M","-1,16%"
"18.10.2022","37,326","36,587","38,087","36,130","49,36M","2,08%"
"17.10.2022","36,565","36,739","37,370","35,652","57,83M","-1,87%"
"14.10.2022","37,261","38,283","38,674","37,261","63,07M","-1,95%"
"13.10.2022","38,000","35,609","38,391","35,130","100,67M","6,72%"
"12.10.2022","35,609","37,022","37,261","35,565","78,04M","-3,76%"
"11.10.2022","37,000","37,283","38,478","36,783","72,67M","-0,76%"
"10.10.2022","37,283","37,891","38,152","36,609","64,27M","-1,49%"
"07.10.2022","37,848","37,065","38,826","36,457","112,81M","2,17%"
"06.10.2022","37,044","36,957","39,370","35,370","215,65M","2,96%"
"05.10.2022","35,978","35,217","37,109","35,044","173,32M","5,55%"
"04.10.2022","34,087","31,565","34,087","31,565","101,54M","9,96%"
"03.10.2022","31,000","29,761","31,196","29,413","116,11M","4,55%"
"30.09.2022","29,652","28,652","30,283","28,304","89,08M","3,57%"
"29.09.2022","28,630","29,565","29,913","27,087","71,56M","-2,59%"
"28.09.2022","29,391","29,891","30,348","29,022","89,63M","-2,03%"
"27.09.2022","30,000","28,870","30,326","28,544","117,58M","3,99%"
"26.09.2022","28,848","26,739","29,174","26,630","120,29M","7,19%"
"23.09.2022","26,913","25,326","26,957","25,196","125,20M","6,63%"
"22.09.2022","25,239","24,978","26,065","24,826","97,38M","1,13%"
"21.09.2022","24,957","25,217","25,587","24,587","73,17M","-2,05%"
"20.09.2022","25,478","23,283","25,478","23,196","89,58M","9,74%"
"19.09.2022","23,217","24,044","24,652","23,196","44,43M","-3,17%"
"16.09.2022","23,978","23,435","24,087","23,283","35,75M","2,32%"
"15.09.2022","23,435","23,739","24,130","23,283","45,24M","-1,01%"
"14.09.2022","23,674","22,609","23,761","21,978","62,87M","4,71%"
"13.09.2022","22,609","24,652","24,826","22,609","81,74M","-7,06%"
"12.09.2022","24,326","24,457","24,565","24,109","104,47M","0,18%"
"09.09.2022","24,283","24,109","24,587","24,044","41,74M","0,99%"
"08.09.2022","24,044","24,348","25,087","23,913","64,97M","-0,81%"
"07.09.2022","24,239","24,609","24,804","24,087","46,29M","-1,33%"
"06.09.2022","24,565","25,000","25,391","24,087","78,38M","-0,44%"
"05.09.2022","24,674","23,217","24,848","23,217","92,54M","6,27%"
"02.09.2022","23,217","22,913","23,326","22,848","48,02M","1,71%"
"01.09.2022","22,826","23,239","23,261","22,783","43,16M","-1,87%"
"31.08.2022","23,261","23,130","23,543","23,130","53,72M","0,85%"
"29.08.2022","23,065","22,870","23,196","22,630","42,70M","0,76%"
"26.08.2022","22,891","22,935","23,239","22,500","56,79M","0,48%"
"25.08.2022","22,783","22,674","23,196","22,674","46,05M","0,67%"
"24.08.2022","22,630","23,261","23,326","22,565","48,69M","-2,16%"
"23.08.2022","23,130","23,022","23,500","22,870","61,55M","0,47%"
"22.08.2022","23,022","23,065","23,913","22,891","131,03M","-0,09%"
"19.08.2022","23,043","22,957","23,391","22,913","58,25M","0,38%"
"18.08.2022","22,957","23,109","23,478","22,587","72,24M","-0,28%"
"17.08.2022","23,022","23,109","23,326","22,870","60,28M","-0,09%"
"16.08.2022","23,043","22,739","23,043","21,870","66,90M","2,12%"
"15.08.2022","22,565","23,043","23,457","22,522","57,80M","-1,33%"
"12.08.2022","22,870","22,913","23,283","22,522","66,11M","-0,19%"
"11.08.2022","22,913","23,109","23,652","22,717","101,04M","-0,19%"
"10.08.2022","22,957","21,826","22,957","21,496","77,22M","5,18%"
"09.08.2022","21,826","22,630","22,891","21,739","84,73M","-3,46%"
"08.08.2022","22,609","21,826","22,978","21,783","87,53M","4,42%"
"05.08.2022","21,652","21,957","22,043","21,313","73,17M","-0,50%"
"04.08.2022","21,761","21,957","22,391","21,739","66,66M","0,42%"
"03.08.2022","21,670","21,148","21,739","21,130","90,41M","3,27%"
"02.08.2022","20,983","20,304","21,730","20,157","143,03M","3,78%"
"01.08.2022","20,217","19,435","20,226","19,287","103,28M","4,54%"
"29.07.2022","19,339","18,261","19,504","18,035","112,51M","6,51%"
"28.07.2022","18,157","17,939","18,287","17,852","51,38M","2,40%"
"27.07.2022","17,730","18,009","18,096","17,730","22,30M","-1,16%"
"26.07.2022","17,939","18,348","18,409","17,904","29,61M","-1,72%"
"25.07.2022","18,252","17,974","18,296","17,930","33,33M","1,65%"
"22.07.2022","17,957","18,348","18,496","17,435","27,87M","-1,67%"
"21.07.2022","18,261","18,635","18,687","18,209","38,10M","-1,78%"
"20.07.2022","18,591","18,261","18,791","18,235","53,48M","2,25%"
"19.07.2022","18,183","17,817","18,313","17,730","52,63M","1,75%"
"18.07.2022","17,870","17,409","18,043","17,409","59,86M","3,63%"
"14.07.2022","17,243","17,365","17,617","17,183","44,82M","-0,95%"
"13.07.2022","17,409","17,913","18,035","17,287","33,59M","-2,67%"
"08.07.2022","17,887","17,809","17,913","17,670","12,52M","0,54%"
"07.07.2022","17,791","17,548","18,096","17,522","45,63M","1,54%"
"06.07.2022","17,522","17,339","17,678","17,261","49,72M","1,66%"
"05.07.2022","17,235","17,626","18,130","17,157","77,34M","-2,12%"
"04.07.2022","17,609","18,287","18,374","17,609","36,06M","-3,11%"
"01.07.2022","18,174","17,757","18,200","17,730","46,39M","2,35%"
"30.06.2022","17,757","18,000","18,217","17,383","65,25M","-1,35%"
"29.06.2022","18,000","18,435","18,557","17,991","51,80M","-2,17%"
"28.06.2022","18,400","18,939","19,070","18,148","49,89M","-2,40%"
"27.06.2022","18,852","18,826","19,261","18,600","42,20M","-2,08%"
"24.06.2022","19,252","19,600","19,661","18,965","55,48M","-1,38%"
"23.06.2022","19,522","19,617","20,000","19,478","66,06M","-0,44%"
"22.06.2022","19,609","19,896","20,174","19,609","62,61M","-1,27%"
"21.06.2022","19,861","19,843","20,130","19,565","80,09M","0,35%"
"20.06.2022","19,791","20,174","20,391","19,635","83,46M","-1,13%"
"17.06.2022","20,017","19,878","20,026","19,426","95,19M","1,32%"
"16.06.2022","19,757","19,530","20,461","19,530","161,93M","1,61%"
"15.06.2022","19,443","19,504","19,809","19,226","99,38M","0,36%"
"14.06.2022","19,374","18,687","19,609","18,478","127,61M","4,55%"
"13.06.2022","18,530","19,087","19,174","18,304","74,17M","-3,05%"
"10.06.2022","19,113","19,087","19,357","18,939","82,21M","-0,32%"
"09.06.2022","19,174","18,904","19,243","18,704","127,89M","2,99%"
"08.06.2022","18,617","18,991","19,704","18,470","154,65M","-1,52%"
"07.06.2022","18,904","19,287","19,930","18,904","143,02M","-1,81%"
"06.06.2022","19,252","19,165","19,800","18,478","230,71M","0,87%"
"03.06.2022","19,087","17,626","19,157","17,522","226,44M","9,20%"
"02.06.2022","17,478","16,443","17,826","16,304","192,84M","6,57%"
"01.06.2022","16,400","15,861","16,739","15,652","127,46M","3,40%"
"31.05.2022","15,861","14,870","16,139","14,861","154,05M","6,73%"
"30.05.2022","14,861","14,626","14,957","14,574","64,46M","3,76%"
"27.05.2022","14,322","14,061","14,652","14,061","63,57M","1,48%"
"26.05.2022","14,113","13,783","14,174","13,678","46,16M","2,46%"
"25.05.2022","13,774","13,548","13,791","13,426","48,53M","1,80%"
"24.05.2022","13,530","13,409","13,661","13,357","46,02M","1,50%"
"23.05.2022","13,330","13,635","13,765","13,278","42,12M","-1,79%"
"20.05.2022","13,574","13,930","13,965","13,574","28,56M","-2,56%"
"18.05.2022","13,930","14,087","14,174","13,930","28,99M","-1,23%"
"17.05.2022","14,104","14,043","14,313","13,861","39,24M","0,75%"
"16.05.2022","14,000","14,174","14,435","14,000","39,89M","-1,71%"
"13.05.2022","14,243","14,087","14,261","13,861","34,07M","2,50%"
"12.05.2022","13,896","14,130","14,130","13,722","47,02M","-2,68%"
"11.05.2022","14,278","14,565","14,626","14,070","57,44M","-1,79%"
"10.05.2022","14,539","14,678","14,826","14,487","50,44M","-0,83%"
"09.05.2022","14,661","15,130","15,278","14,539","93,81M","0,36%"
"06.05.2022","14,609","14,887","14,887","14,417","70,38M","-2,21%"
"05.05.2022","14,939","14,322","14,939","14,174","79,67M","7,37%"
"29.04.2022","13,913","13,826","14,174","13,489","62,17M","1,67%"
"28.04.2022","13,685","13,609","13,848","13,478","47,41M","1,29%"
"27.04.2022","13,511","13,337","13,543","13,098","57,10M","1,22%"
"26.04.2022","13,348","14,033","14,098","13,261","67,67M","-4,06%"
"25.04.2022","13,913","14,185","14,239","13,750","58,80M","-2,07%"
"22.04.2022","14,207","14,543","14,793","13,826","75,05M","-2,75%"
"21.04.2022","14,609","14,576","14,880","14,522","69,16M","0,98%"
"20.04.2022","14,467","14,522","14,587","14,391","34,05M","-0,08%"
"19.04.2022","14,478","14,739","14,783","14,402","50,47M","-0,60%"
"18.04.2022","14,565","14,293","14,717","14,293","80,53M","2,13%"
"15.04.2022","14,261","14,217","14,370","14,174","39,56M","0,15%"
"14.04.2022","14,239","14,228","14,413","14,174","60,11M","0,77%"
"13.04.2022","14,130","14,228","14,467","13,967","71,35M","0,00%"
"12.04.2022","14,130","14,326","14,348","14,022","61,04M","-1,22%"
"11.04.2022","14,304","14,348","14,761","14,087","142,37M","1,23%"
"08.04.2022","14,130","13,587","14,196","13,543","101,45M","4,33%"
"07.04.2022","13,543","13,413","13,804","13,413","74,22M","1,71%"
"06.04.2022","13,315","13,293","13,587","13,207","84,94M","0,08%"
"05.04.2022","13,304","13,402","13,511","13,076","79,77M","-0,33%"
"04.04.2022","13,348","13,022","13,576","12,946","92,61M","3,80%"
"01.04.2022","12,859","12,978","13,087","12,804","44,05M","-0,67%"
"31.03.2022","12,946","13,152","13,337","12,826","61,35M","-0,92%"
"30.03.2022","13,065","12,957","13,370","12,859","74,29M","1,18%"
"29.03.2022","12,913","13,293","13,337","12,837","75,33M","-1,90%"
"28.03.2022","13,163","13,087","13,957","13,022","179,57M","0,92%"
"25.03.2022","13,043","12,793","13,185","12,620","112,87M","2,48%"
"24.03.2022","12,728","12,207","13,239","12,207","152,01M","4,55%"
"23.03.2022","12,174","12,272","12,413","12,065","80,69M","-0,44%"
"22.03.2022","12,228","11,837","12,413","11,761","92,72M","3,59%"
"21.03.2022","11,804","11,957","12,000","11,772","48,26M","-0,28%"
"18.03.2022","11,837","11,554","11,902","11,554","81,41M","2,64%"
"17.03.2022","11,533","11,435","11,739","11,413","53,12M","1,63%"
"16.03.2022","11,348","11,370","11,543","11,293","30,86M","0,29%"
"15.03.2022","11,315","11,457","11,598","11,304","39,65M","-1,23%"
"14.03.2022","11,457","11,630","11,652","11,446","50,78M","-0,75%"
"11.03.2022","11,543","11,685","11,891","11,402","80,58M","-1,12%"
"10.03.2022","11,674","12,283","12,696","11,511","200,32M","-3,76%"
"09.03.2022","12,130","11,522","12,130","11,435","213,45M","9,95%"
"08.03.2022","11,033","10,557","11,207","10,548","111,20M","3,66%"
"07.03.2022","10,643","10,496","10,687","10,361","56,99M","0,95%"
"04.03.2022","10,543","10,548","10,748","10,513","53,44M","-0,29%"
"03.03.2022","10,574","10,717","10,870","10,504","72,57M","2,96%"
"02.03.2022","10,270","10,126","10,322","10,026","54,95M","1,46%"
"01.03.2022","10,122","10,217","10,374","9,987","43,83M","0,22%"
"28.02.2022","10,100","10,039","10,343","9,965","68,45M","0,35%"
"25.02.2022","10,065","9,348","10,065","9,178","105,53M","9,98%"
"24.02.2022","9,152","9,239","9,670","9,152","59,88M","-9,97%"
"23.02.2022","10,165","10,348","10,391","10,165","36,89M","-0,89%"
"22.02.2022","10,257","10,109","10,339","10,100","53,28M","-1,79%"
"21.02.2022","10,443","10,461","10,622","10,291","62,63M","0,67%"
"18.02.2022","10,374","10,443","10,491","10,222","36,34M","0,55%"
"17.02.2022","10,317","10,565","10,691","10,313","70,98M","-1,62%"
"16.02.2022","10,487","10,448","10,696","10,439","65,78M","0,92%"
"15.02.2022","10,391","10,291","10,535","10,230","55,38M","1,70%"
"14.02.2022","10,217","10,435","10,509","10,217","65,81M","-4,08%"
"11.02.2022","10,652","10,500","10,735","10,348","75,52M","0,37%"
"10.02.2022","10,613","10,809","10,843","10,600","59,34M","-1,73%"
"09.02.2022","10,800","10,543","10,822","10,509","103,50M","3,33%"
"08.02.2022","10,452","10,391","10,739","10,348","84,12M","0,46%"
"07.02.2022","10,404","10,326","10,504","10,009","80,55M","0,80%"
"04.02.2022","10,322","10,109","10,387","9,913","91,53M","2,42%"
"03.02.2022","10,078","10,287","10,413","9,974","49,71M","-1,99%"
"02.02.2022","10,283","10,574","10,696","10,252","56,77M","-2,43%"
"01.02.2022","10,539","10,222","10,761","10,222","119,86M","3,41%"
"31.01.2022","10,191","10,365","10,413","10,143","42,35M","-0,97%"
"28.01.2022","10,291","10,543","10,670","10,270","50,31M","-2,27%"
"27.01.2022","10,530","10,152","10,561","10,096","74,44M","1,55%"
"26.01.2022","10,370","10,674","10,704","10,370","80,38M","-2,69%"
"25.01.2022","10,657","10,174","10,822","9,696","135,01M","6,01%"
"24.01.2022","10,052","10,587","10,670","9,961","78,71M","-5,21%"
"21.01.2022","10,604","10,652","10,757","10,504","57,90M","-0,65%"
"20.01.2022","10,674","10,989","11,152","10,443","75,99M","-2,19%"
"19.01.2022","10,913","10,761","11,087","10,626","121,78M","1,37%"
"18.01.2022","10,765","11,587","11,685","10,752","55,56M","-7,44%"
"17.01.2022","11,630","11,728","11,880","11,565","57,15M","-0,28%"
"14.01.2022","11,663","11,522","11,880","11,467","75,62M","1,04%"
"13.01.2022","11,543","11,804","12,000","11,522","57,21M","-2,93%"
"12.01.2022","11,891","12,272","12,272","11,804","57,04M","-1,17%"
"11.01.2022","12,033","12,478","12,522","12,000","84,82M","-2,04%"
"10.01.2022","12,283","12,098","12,630","12,000","136,16M","2,36%"
"07.01.2022","12,000","12,043","12,152","11,739","58,47M","0,73%"
"06.01.2022","11,913","11,957","12,304","11,859","72,18M","-1,44%"
"05.01.2022","12,087","12,076","12,174","11,859","68,10M","0,27%"
"04.01.2022","12,054","11,652","12,283","11,630","164,41M","4,13%"
"03.01.2022","11,576","11,543","11,728","11,348","68,32M","0,76%"
"31.12.2021","11,489","11,783","11,837","11,467","71,73M","-2,94%"
"30.12.2021","11,837","11,739","12,120","11,609","152,01M","2,06%"
"29.12.2021","11,598","11,576","11,739","11,174","136,86M","1,04%"
"28.12.2021","11,478","11,391","11,533","10,902","164,39M","2,82%"
"27.12.2021","11,163","10,596","11,239","10,578","183,89M","7,88%"
"24.12.2021","10,348","9,561","10,348","9,443","163,10M","9,98%"
"23.12.2021","9,409","9,783","9,904","8,857","132,55M","-1,59%"
"22.12.2021","9,561","9,870","10,404","9,478","171,17M","-5,62%"
"21.12.2021","10,130","11,326","11,739","10,087","131,73M","-9,60%"
"20.12.2021","11,207","10,865","11,880","10,261","165,31M","-0,87%"
"17.12.2021","11,304","12,696","13,261","11,141","218,11M","-8,61%"
"16.12.2021","12,370","11,500","12,391","11,457","190,15M","9,74%"
"15.12.2021","11,272","11,652","11,913","11,196","131,29M","-1,89%"
"14.12.2021","11,489","10,683","11,489","10,683","140,94M","8,79%"
"13.12.2021","10,561","10,257","10,726","10,257","104,74M","3,32%"
"10.12.2021","10,222","10,543","10,587","10,109","95,72M","-2,93%"
"09.12.2021","10,530","10,196","10,891","10,183","160,74M","3,33%"
"08.12.2021","10,191","10,296","10,335","10,087","107,11M","-0,76%"
"07.12.2021","10,270","10,000","10,352","9,809","166,30M","3,78%"
"06.12.2021","9,896","10,065","10,078","9,648","90,12M","-1,60%"
"03.12.2021","10,057","10,178","10,226","10,022","68,84M","-0,52%"
"02.12.2021","10,109","9,935","10,170","9,843","99,33M","2,02%"
"01.12.2021","9,909","9,565","10,204","9,565","239,02M","5,02%"
"30.11.2021","9,435","9,339","9,609","9,200","164,41M","1,02%"
"29.11.2021","9,339","8,657","9,426","8,657","249,54M","8,98%"
"26.11.2021","8,570","8,435","8,891","8,274","203,95M","0,72%"
"25.11.2021","8,509","8,526","9,091","8,370","305,16M","1,82%"
"24.11.2021","8,357","7,652","8,357","7,652","191,21M","9,95%"
"23.11.2021","7,600","7,504","7,752","7,174","217,64M","1,33%"
"22.11.2021","7,500","7,322","7,500","7,313","107,22M","3,11%"
"19.11.2021","7,274","7,391","7,452","7,248","72,22M","-0,95%"
"18.11.2021","7,343","7,261","7,417","7,143","132,48M","1,20%"
"17.11.2021","7,257","7,217","7,391","7,200","96,46M","0,18%"
"16.11.2021","7,243","7,339","7,357","7,078","91,12M","-1,30%"
"15.11.2021","7,339","7,126","7,426","7,100","160,80M","4,58%"
"12.11.2021","7,017","7,043","7,143","6,978","80,89M","0,31%"
"11.11.2021","6,996","6,891","7,200","6,870","165,61M","1,07%"
"10.11.2021","6,922","7,009","7,139","6,909","125,86M","-1,06%"
"09.11.2021","6,996","6,643","7,191","6,591","214,38M","5,51%"
"08.11.2021","6,630","6,422","6,639","6,422","64,31M","3,25%"
"05.11.2021","6,422","6,504","6,509","6,417","30,90M","-1,14%"
"04.11.2021","6,496","6,500","6,583","6,491","45,19M","0,81%"
"03.11.2021","6,443","6,543","6,565","6,239","90,49M","-1,53%"
"02.11.2021","6,543","6,526","6,704","6,526","96,05M","0,27%"
"01.11.2021","6,526","6,809","6,822","6,478","104,17M","-3,29%"
"28.10.2021","6,748","6,696","6,822","6,670","42,45M","0,39%"
"27.10.2021","6,722","6,678","6,783","6,565","119,47M","0,98%"
"26.10.2021","6,657","6,422","6,674","6,422","129,05M","4,22%"
"25.10.2021","6,387","6,087","6,474","6,074","176,83M","3,96%"
"22.10.2021","6,143","6,017","6,170","6,009","103,85M","2,39%"
"21.10.2021","6,000","5,913","6,122","5,839","195,35M","1,47%"
"20.10.2021","5,913","5,878","5,948","5,809","54,38M","0,89%"
"19.10.2021","5,861","5,843","5,939","5,843","45,24M","0,52%"
"18.10.2021","5,830","5,774","5,857","5,770","27,41M","0,83%"
"15.10.2021","5,783","5,848","5,904","5,752","37,57M","-0,75%"
"14.10.2021","5,826","5,870","5,939","5,822","36,27M","-1,03%"
"13.10.2021","5,887","6,017","6,074","5,839","62,77M","-1,81%"
"12.10.2021","5,996","6,009","6,200","5,983","136,35M","-0,79%"
"11.10.2021","6,043","6,000","6,161","5,961","70,05M","1,09%"
"08.10.2021","5,978","5,809","6,078","5,804","157,67M","2,92%"
"07.10.2021","5,809","5,804","5,887","5,787","39,37M","0,83%"
"06.10.2021","5,761","5,726","5,804","5,657","43,34M","0,08%"
"05.10.2021","5,757","5,822","5,830","5,730","28,28M","-1,05%"
"04.10.2021","5,817","5,857","5,961","5,804","43,74M","0,00%"
"01.10.2021","5,817","5,761","5,852","5,739","39,59M","0,30%"
"30.09.2021","5,800","5,783","5,848","5,765","34,42M","0,45%"
"29.09.2021","5,774","5,809","5,891","5,765","39,23M","0,15%"
"28.09.2021","5,765","5,900","5,904","5,761","28,87M","-2,00%"
"27.09.2021","5,883","5,765","5,961","5,765","56,75M","2,66%"
"24.09.2021","5,730","5,761","5,783","5,652","29,23M","-0,83%"
"23.09.2021","5,778","5,722","6,039","5,696","113,51M","1,14%"
"22.09.2021","5,713","5,678","5,730","5,613","27,50M","1,00%"
"21.09.2021","5,657","5,757","5,809","5,626","40,01M","-1,06%"
"20.09.2021","5,717","5,783","5,783","5,678","26,71M","-1,79%"
"17.09.2021","5,822","5,922","5,935","5,813","32,22M","-1,47%"
"16.09.2021","5,909","5,826","5,991","5,761","76,05M","2,03%"
"15.09.2021","5,791","5,900","5,948","5,778","36,29M","-1,99%"
"14.09.2021","5,909","5,930","5,970","5,857","29,60M","-0,22%"
"13.09.2021","5,922","5,930","6,017","5,887","34,14M","0,00%"
"10.09.2021","5,922","5,996","6,009","5,900","23,68M","-1,23%"
"09.09.2021","5,996","5,878","5,996","5,878","32,22M","1,55%"
"08.09.2021","5,904","5,987","6,043","5,896","49,97M","-1,31%"
"07.09.2021","5,983","6,126","6,183","5,983","50,28M","-2,34%"
"06.09.2021","6,126","6,191","6,239","6,122","47,64M","-0,77%"
"03.09.2021","6,174","6,143","6,265","6,070","94,77M","0,71%"
"02.09.2021","6,130","6,109","6,187","6,096","49,60M","0,57%"
"01.09.2021","6,096","5,996","6,239","5,991","103,47M","2,04%"
"31.08.2021","5,974","5,943","6,057","5,922","62,74M","1,18%"
"27.08.2021","5,904","5,852","5,926","5,835","38,13M","1,04%"
"26.08.2021","5,843","5,935","6,017","5,809","32,95M","-1,47%"
"25.08.2021","5,930","6,074","6,074","5,926","28,10M","-2,36%"
"24.08.2021","6,074","6,143","6,174","6,065","39,06M","-0,14%"
"23.08.2021","6,083","6,096","6,252","6,070","111,87M","0,29%"
"20.08.2021","6,065","6,065","6,096","6,004","29,44M","0,07%"
"19.08.2021","6,061","6,009","6,139","5,996","34,00M","0,22%"
"18.08.2021","6,048","6,148","6,222","6,035","33,09M","-1,35%"
"17.08.2021","6,130","6,165","6,170","6,109","20,48M","-0,49%"
"16.08.2021","6,161","6,196","6,291","6,143","28,96M","-0,28%"
"13.08.2021","6,178","6,243","6,257","6,174","26,32M","-0,98%"
"12.08.2021","6,239","6,074","6,361","6,074","70,76M","3,31%"
"11.08.2021","6,039","6,257","6,261","6,026","41,54M","-3,54%"
"10.08.2021","6,261","6,326","6,335","6,239","30,26M","-1,03%"
"09.08.2021","6,326","6,483","6,522","6,309","44,36M","-2,35%"
"06.08.2021","6,478","6,548","6,704","6,478","106,98M","0,47%"
"05.08.2021","6,448","6,326","6,478","6,304","67,43M","1,92%"
"04.08.2021","6,326","6,304","6,478","6,304","58,62M","0,69%"
"03.08.2021","6,283","6,283","6,387","6,274","43,10M","0,00%"
"02.08.2021","6,283","6,300","6,370","6,248","28,26M","0,21%"
"30.07.2021","6,270","6,378","6,396","6,265","41,86M","-1,70%"
"29.07.2021","6,378","6,378","6,504","6,352","69,99M","0,82%"
"28.07.2021","6,326","6,448","6,474","6,326","40,79M","-1,49%"
"27.07.2021","6,422","6,452","6,587","6,378","71,79M","-0,47%"
"26.07.2021","6,452","6,565","6,770","6,422","81,49M","-0,74%"
"19.07.2021","6,500","6,557","6,630","6,470","64,35M","-1,39%"
"16.07.2021","6,591","6,826","7,091","6,543","222,21M","-2,70%"
"14.07.2021","6,774","6,161","6,774","6,117","308,51M","9,95%"
"13.07.2021","6,161","5,778","6,270","5,617","223,22M","7,11%"
"12.07.2021","5,752","6,030","6,065","5,743","50,01M","-4,41%"
"09.07.2021","6,017","6,122","6,178","6,000","42,06M","-1,77%"
"08.07.2021","6,126","6,270","6,287","6,122","41,17M","-2,49%"
"07.07.2021","6,283","6,322","6,365","6,222","49,55M","0,00%"
"06.07.2021","6,283","6,457","6,500","6,283","52,05M","-2,17%"
"05.07.2021","6,422","6,222","6,478","6,222","108,10M","3,21%"
"02.07.2021","6,222","6,043","6,530","5,909","120,75M","3,40%"
"01.07.2021","6,017","5,935","6,100","5,878","79,28M","1,84%"
"30.06.2021","5,909","6,165","6,343","5,870","82,79M","-3,89%"
"29.06.2021","6,148","6,309","6,352","6,113","45,95M","-2,42%"
"28.06.2021","6,300","6,374","6,696","6,252","91,91M","-1,16%"
"25.06.2021","6,374","6,657","6,665","6,374","48,15M","-4,25%"
"24.06.2021","6,657","6,804","6,822","6,639","47,69M","-1,98%"
"23.06.2021","6,791","7,017","7,065","6,761","40,99M","-2,74%"
"22.06.2021","6,983","7,026","7,096","6,983","26,68M","0,25%"
"21.06.2021","6,965","7,004","7,026","6,922","21,25M","-0,56%"
"18.06.2021","7,004","6,978","7,130","6,961","28,47M","0,88%"
"17.06.2021","6,943","6,948","7,078","6,857","26,19M","-0,19%"
"16.06.2021","6,957","7,096","7,157","6,943","21,76M","-1,84%"
"15.06.2021","7,087","7,165","7,257","7,043","27,47M","-1,57%"
"14.06.2021","7,200","7,435","7,470","7,187","33,13M","-2,65%"
"11.06.2021","7,396","7,435","7,596","7,396","45,64M","-0,29%"
"10.06.2021","7,417","7,383","7,483","7,348","36,14M","0,47%"
"09.06.2021","7,383","7,461","7,530","7,370","27,50M","-0,70%"
"08.06.2021","7,435","7,378","7,630","7,361","70,79M","1,24%"
"07.06.2021","7,343","7,243","7,400","7,157","49,53M","1,38%"
"04.06.2021","7,243","7,335","7,452","7,222","49,51M","-1,24%"
"03.06.2021","7,335","7,561","7,630","7,265","76,95M","-2,99%"
"02.06.2021","7,561","7,287","7,904","7,122","244,53M","2,60%"
"01.06.2021","7,370","6,730","7,370","6,713","70,78M","9,99%"
"31.05.2021","6,700","6,878","6,887","6,683","32,53M","-3,20%"
"28.05.2021","6,922","6,983","7,039","6,804","50,82M","1,34%"
"27.05.2021","6,830","7,152","7,187","6,830","46,70M","-4,50%"
"26.05.2021","7,152","7,065","7,152","6,848","33,87M","2,17%"
"25.05.2021","7,000","7,270","7,448","7,000","70,81M","-3,13%"
"24.05.2021","7,226","7,391","7,409","7,213","22,59M","-2,06%"
"21.05.2021","7,378","7,357","7,613","7,304","46,86M","1,74%"
"20.05.2021","7,252","7,396","7,409","7,239","22,30M","-2,00%"
"18.05.2021","7,400","7,561","7,591","7,400","20,11M","-1,79%"
"17.05.2021","7,535","7,413","7,674","7,413","34,54M","2,48%"
"12.05.2021","7,352","7,383","7,457","7,313","13,52M","-1,46%"
"11.05.2021","7,461","7,539","7,539","7,422","20,74M","-1,49%"
"10.05.2021","7,574","7,535","7,717","7,513","33,35M","0,81%"
"07.05.2021","7,513","7,630","7,652","7,470","38,83M","-0,97%"
"06.05.2021","7,587","7,652","7,800","7,517","52,34M","-0,63%"
"05.05.2021","7,635","7,791","7,861","7,617","36,05M","-1,84%"
"04.05.2021","7,778","7,948","8,004","7,743","39,55M","-2,03%"
"03.05.2021","7,939","7,817","8,017","7,813","51,35M","2,01%"
"30.04.2021","7,783","7,900","7,943","7,783","38,35M","-1,76%"
"29.04.2021","7,922","7,957","8,100","7,843","57,16M","0,11%"
"28.04.2021","7,913","7,974","7,978","7,765","66,09M","-0,76%"
"27.04.2021","7,974","7,604","8,278","7,578","187,98M","5,31%"
"26.04.2021","7,572","7,234","7,697","7,201","108,31M","5,57%"
"22.04.2021","7,172","7,137","7,391","6,950","75,97M","-0,18%"
"21.04.2021","7,185","7,050","7,211","6,708","62,18M","2,29%"
"20.04.2021","7,024","7,111","7,179","6,895","43,04M","-0,78%"
"19.04.2021","7,079","7,256","7,353","7,079","65,22M","-2,22%"
"16.04.2021","7,240","7,301","7,424","7,211","46,87M","-0,84%"
"15.04.2021","7,301","7,733","7,842","7,192","169,36M","-2,63%"
"14.04.2021","7,498","6,985","7,498","6,979","92,97M","9,97%"
"13.04.2021","6,818","6,882","6,976","6,663","63,35M","-0,66%"
"12.04.2021","6,863","7,127","7,143","6,847","40,60M","-3,62%"
"09.04.2021","7,121","7,292","7,349","6,960","61,95M","-2,35%"
"08.04.2021","7,292","7,320","7,424","7,272","36,75M","0,00%"
"07.04.2021","7,292","7,427","7,488","7,269","46,47M","-1,78%"
"06.04.2021","7,424","7,581","7,630","7,414","50,39M","-1,95%"
"05.04.2021","7,572","7,572","7,781","7,552","78,86M","0,21%"
"02.04.2021","7,556","7,733","7,765","7,540","102,61M","-0,84%"
"01.04.2021","7,620","7,314","7,636","7,288","142,26M","4,83%"
"31.03.2021","7,269","7,169","7,784","7,143","280,86M","1,48%"
"30.03.2021","7,163","7,195","7,282","7,040","92,49M","0,22%"
"29.03.2021","7,147","7,163","7,395","7,105","78,52M","0,06%"
"26.03.2021","7,143","7,349","7,507","7,072","114,95M","-2,26%"
"25.03.2021","7,308","7,620","7,894","7,295","244,09M","-4,09%"
"24.03.2021","7,620","7,407","7,733","7,118","268,18M","8,38%"
"23.03.2021","7,031","6,399","7,031","6,122","110,21M","9,98%"
"22.03.2021","6,393","6,686","6,960","6,283","118,25M","-8,40%"
"19.03.2021","6,979","7,018","7,089","6,763","58,86M","-0,56%"
"18.03.2021","7,018","7,240","7,314","6,992","75,84M","-3,24%"
"17.03.2021","7,253","7,060","7,411","6,944","144,91M","2,79%"
"16.03.2021","7,056","7,330","7,407","6,998","74,01M","-3,06%"
"15.03.2021","7,279","7,266","7,507","7,192","128,28M","0,22%"
"12.03.2021","7,263","7,250","7,475","7,089","165,56M","0,40%"
"11.03.2021","7,234","7,755","8,013","6,837","565,66M","-3,35%"
"10.03.2021","7,485","7,069","7,485","7,002","214,04M","9,99%"
"09.03.2021","6,805","6,186","6,805","6,144","138,66M","10,01%"
"08.03.2021","6,186","6,399","6,418","6,148","32,84M","-2,20%"
"05.03.2021","6,325","6,335","6,444","6,267","29,09M","-1,36%"
"04.03.2021","6,412","6,312","6,592","6,151","69,11M","1,58%"
"03.03.2021","6,312","6,241","6,525","6,125","61,30M","1,23%"
"02.03.2021","6,235","6,492","6,492","6,177","64,47M","-3,96%"
"01.03.2021","6,492","6,728","6,799","6,396","87,74M","-0,15%"
"26.02.2021","6,502","6,441","6,950","6,299","149,58M","-3,22%"
"25.02.2021","6,718","6,634","7,066","6,309","261,92M","4,41%"
"24.02.2021","6,434","5,487","6,434","5,487","312,00M","9,96%"
"23.02.2021","5,851","6,154","6,235","5,851","301,28M","-9,97%"
"22.02.2021","6,499","6,853","6,927","6,499","332,87M","-10,00%"
"19.02.2021","7,221","8,377","8,756","7,221","390,29M","-10,00%"
"18.02.2021","8,023","7,475","8,023","7,459","392,81M","9,98%"
"17.02.2021","7,295","6,960","7,295","6,686","390,25M","9,96%"
"16.02.2021","6,634","6,367","6,708","6,051","448,82M","8,77%"
"15.02.2021","6,099","5,635","6,099","5,400","293,08M","9,99%"
"12.02.2021","5,545","5,049","5,545","5,043","308,48M","9,95%"
"11.02.2021","5,043","4,830","5,171","4,830","184,34M","4,47%"
"10.02.2021","4,827","4,666","4,881","4,611","116,47M","3,83%"
"09.02.2021","4,649","4,675","4,827","4,511","102,02M","2,18%"
"08.02.2021","4,550","4,527","4,591","4,498","54,03M","1,59%"
"05.02.2021","4,479","4,372","4,646","4,372","105,64M","3,35%"
"04.02.2021","4,334","4,398","4,427","4,324","56,89M","-1,39%"
"03.02.2021","4,395","4,189","4,469","4,189","166,06M","5,32%"
"02.02.2021","4,173","4,182","4,231","4,121","39,96M","0,80%"
"01.02.2021","4,140","4,166","4,221","4,124","38,05M","0,39%"
"29.01.2021","4,124","4,173","4,237","4,092","73,52M","-2,30%"
"28.01.2021","4,221","3,866","4,221","3,721","102,80M","7,46%"
"27.01.2021","3,928","4,253","4,314","3,928","73,68M","-7,71%"
"26.01.2021","4,256","4,034","4,305","3,995","90,22M","5,24%"
"25.01.2021","4,044","4,066","4,118","3,999","45,92M","0,32%"
"22.01.2021","4,031","4,127","4,131","4,008","47,42M","-2,26%"
"21.01.2021","4,124","4,192","4,276","4,115","56,28M","-1,17%"
"20.01.2021","4,173","4,066","4,250","4,024","103,73M","3,04%"
"19.01.2021","4,050","3,947","4,134","3,883","115,91M","3,37%"
"18.01.2021","3,918","3,837","3,944","3,837","64,65M","2,19%"
"15.01.2021","3,834","3,738","3,834","3,715","45,29M","2,40%"
"14.01.2021","3,744","3,783","3,912","3,683","109,57M","-0,93%"
"13.01.2021","3,779","3,879","3,892","3,760","58,98M","-1,95%"
"12.01.2021","3,854","3,866","4,005","3,821","125,34M","1,21%"
"11.01.2021","3,808","3,683","3,960","3,647","157,07M","3,23%"
"08.01.2021","3,689","3,770","3,802","3,583","149,20M","-1,13%"
"07.01.2021","3,731","3,406","3,731","3,399","113,10M","9,96%"
"06.01.2021","3,393","3,303","3,419","3,299","60,63M","3,13%"
"05.01.2021","3,290","3,319","3,361","3,232","43,42M","-1,14%"
"04.01.2021","3,328","3,274","3,361","3,267","41,61M","2,18%"
"31.12.2020","3,257","3,235","3,286","3,225","36,17M","0,99%"
"30.12.2020","3,225","3,241","3,322","3,203","80,35M","-0,40%"
"29.12.2020","3,238","3,143","3,448","3,127","268,85M","3,19%"
"28.12.2020","3,138","3,158","3,190","3,135","28,56M","-0,10%"
"25.12.2020","3,141","3,158","3,198","3,138","38,53M","0,00%"
"24.12.2020","3,141","3,145","3,185","3,122","35,32M","0,13%"
"23.12.2020","3,137","3,109","3,167","3,104","50,72M","1,42%"
"22.12.2020","3,093","3,051","3,135","3,051","47,79M","1,84%"
"21.12.2020","3,037","3,053","3,109","3,019","68,81M","-2,32%"
"18.12.2020","3,109","3,050","3,153","3,050","81,02M","1,47%"
"17.12.2020","3,064","3,079","3,170","3,048","72,10M","-0,33%"
"16.12.2020","3,074","3,127","3,190","3,071","50,22M","-1,63%"
"15.12.2020","3,125","3,177","3,185","3,098","59,51M","-1,54%"
"14.12.2020","3,174","3,222","3,261","3,166","54,72M","-1,31%"
"11.12.2020","3,216","3,214","3,328","3,190","79,78M","0,00%"
"10.12.2020","3,216","3,248","3,361","3,193","110,96M","-1,38%"
"09.12.2020","3,261","3,303","3,438","3,225","174,26M","0,12%"
"08.12.2020","3,257","3,364","3,573","3,148","584,64M","-1,75%"
"07.12.2020","3,315","3,108","3,315","3,066","357,69M","9,99%"
"04.12.2020","3,014","2,734","3,014","2,715","206,14M","10,00%"
"03.12.2020","2,740","2,744","2,773","2,739","23,73M","-1,01%"
"02.12.2020","2,768","2,771","2,798","2,739","30,62M","-1,07%"
"01.12.2020","2,798","2,674","2,806","2,658","67,77M","6,47%"
"30.11.2020","2,628","2,698","2,702","2,628","32,30M","-4,33%"
"27.11.2020","2,747","2,806","2,808","2,732","36,30M","-1,89%"
"26.11.2020","2,800","2,845","2,861","2,787","46,30M","-1,37%"
"25.11.2020","2,839","2,884","2,974","2,835","171,85M","2,34%"
"24.11.2020","2,774","2,792","2,802","2,756","40,02M","-0,39%"
"23.11.2020","2,785","2,779","2,842","2,747","112,40M","0,58%"
"20.11.2020","2,769","2,765","2,802","2,756","47,08M","0,22%"
"19.11.2020","2,763","2,742","2,790","2,716","66,95M","0,11%"
"18.11.2020","2,760","2,718","2,773","2,718","57,48M","0,95%"
"17.11.2020","2,734","2,758","2,784","2,707","40,76M","-1,41%"
"16.11.2020","2,773","2,771","2,819","2,756","51,31M","0,54%"
"13.11.2020","2,758","2,805","2,827","2,719","92,21M","1,88%"
"12.11.2020","2,707","2,794","2,874","2,698","107,09M","-3,15%"
"11.11.2020","2,795","2,690","2,832","2,684","182,67M","4,53%"
"10.11.2020","2,674","2,665","2,718","2,644","37,29M","0,34%"
"09.11.2020","2,665","2,649","2,703","2,642","55,82M","1,60%"
"06.11.2020","2,623","2,637","2,665","2,611","37,82M","-0,91%"
"05.11.2020","2,647","2,524","2,665","2,523","66,81M","5,04%"
"04.11.2020","2,520","2,481","2,537","2,481","32,11M","1,57%"
"03.11.2020","2,481","2,457","2,521","2,429","41,34M","1,51%"
"02.11.2020","2,444","2,455","2,529","2,391","55,79M","-0,85%"
"30.10.2020","2,465","2,529","2,552","2,465","54,32M","-4,68%"
"28.10.2020","2,586","2,626","2,665","2,578","22,80M","-2,82%"
"27.10.2020","2,661","2,578","2,684","2,570","84,27M","2,23%"
"26.10.2020","2,603","2,755","2,761","2,602","138,90M","-4,34%"
"23.10.2020","2,721","2,640","2,766","2,586","88,68M","3,30%"
"22.10.2020","2,634","2,698","2,716","2,634","32,19M","-2,34%"
"21.10.2020","2,697","2,723","2,748","2,697","31,57M","-0,52%"
"20.10.2020","2,711","2,727","2,737","2,710","24,48M","-0,55%"
"19.10.2020","2,726","2,734","2,756","2,723","31,77M","-0,04%"
"16.10.2020","2,727","2,726","2,758","2,719","37,42M","0,22%"
"15.10.2020","2,721","2,748","2,777","2,710","48,61M","-1,13%"
"14.10.2020","2,752","2,803","2,826","2,745","71,14M","-1,50%"
"13.10.2020","2,794","2,745","2,840","2,745","180,62M","2,12%"
"12.10.2020","2,736","2,716","2,758","2,711","65,16M","1,22%"
"09.10.2020","2,703","2,698","2,727","2,694","37,71M","0,04%"
"08.10.2020","2,702","2,727","2,740","2,692","33,61M","-0,52%"
"07.10.2020","2,716","2,718","2,756","2,707","37,43M","-0,11%"
"06.10.2020","2,719","2,752","2,758","2,719","46,28M","-0,62%"
"05.10.2020","2,736","2,700","2,745","2,700","60,61M","1,41%"
"02.10.2020","2,698","2,692","2,726","2,684","33,22M","-0,26%"
"01.10.2020","2,705","2,707","2,723","2,686","37,05M","0,60%"
"30.09.2020","2,689","2,692","2,732","2,679","53,43M","0,00%"
"29.09.2020","2,689","2,694","2,734","2,673","46,18M","-0,19%"
"28.09.2020","2,694","2,740","2,748","2,689","47,52M","-1,35%"
"25.09.2020","2,731","2,760","2,782","2,731","46,77M","-0,58%"
"24.09.2020","2,747","2,690","2,847","2,652","165,42M","1,63%"
"23.09.2020","2,703","2,723","2,742","2,687","34,28M","0,00%"
"22.09.2020","2,703","2,739","2,753","2,687","50,95M","-0,77%"
"21.09.2020","2,724","2,736","2,774","2,703","117,63M","0,04%"
"18.09.2020","2,723","2,703","2,760","2,695","117,06M","1,45%"
"17.09.2020","2,684","2,729","2,737","2,674","84,21M","-2,01%"
"16.09.2020","2,739","2,674","2,819","2,660","283,16M","4,50%"
"15.09.2020","2,621","2,553","2,629","2,550","166,56M","2,99%"
"14.09.2020","2,545","2,533","2,579","2,533","53,40M","0,63%"
"11.09.2020","2,529","2,544","2,566","2,523","54,77M","-0,28%"
"10.09.2020","2,536","2,486","2,589","2,486","157,11M","2,22%"
"09.09.2020","2,481","2,507","2,516","2,473","45,22M","-1,04%"
"08.09.2020","2,507","2,513","2,545","2,492","85,07M","0,28%"
"07.09.2020","2,500","2,442","2,513","2,442","94,83M","2,63%"
"04.09.2020","2,436","2,415","2,495","2,400","88,86M","0,45%"
"03.09.2020","2,425","2,483","2,491","2,425","56,01M","-1,94%"
"02.09.2020","2,473","2,495","2,516","2,470","59,23M","-0,84%"
"01.09.2020","2,494","2,439","2,504","2,415","117,20M","2,68%"
"31.08.2020","2,429","2,531","2,557","2,429","114,79M","-3,61%"
"28.08.2020","2,520","2,579","2,584","2,510","142,45M","-2,10%"
"27.08.2020","2,574","2,466","2,582","2,466","206,09M","5,62%"
"26.08.2020","2,437","2,578","2,605","2,437","353,91M","-6,05%"
"25.08.2020","2,594","2,417","2,632","2,417","533,87M","8,08%"
"24.08.2020","2,400","2,346","2,412","2,339","147,32M","2,65%"
"21.08.2020","2,338","2,289","2,394","2,283","195,76M","2,90%"
"20.08.2020","2,272","2,289","2,317","2,262","96,67M","-0,70%"
"19.08.2020","2,288","2,181","2,315","2,180","313,14M","5,29%"
"18.08.2020","2,173","2,102","2,217","2,096","154,45M","3,38%"
"17.08.2020","2,102","2,118","2,149","2,093","92,16M","-0,57%"
"14.08.2020","2,114","2,102","2,164","2,075","78,43M","0,19%"
"13.08.2020","2,110","2,181","2,207","2,109","107,63M","-2,68%"
"12.08.2020","2,168","2,157","2,214","2,094","97,36M","0,98%"
"11.08.2020","2,147","2,130","2,189","2,072","125,67M","0,89%"
"10.08.2020","2,128","2,001","2,165","1,935","230,21M","5,92%"
"07.08.2020","2,009","1,809","2,009","1,719","232,89M","9,96%"
"06.08.2020","1,827","2,030","2,040","1,827","156,38M","-10,00%"
"05.08.2020","2,030","2,117","2,127","2,020","95,97M","-3,24%"
"04.08.2020","2,098","2,199","2,249","1,985","125,88M","-3,76%"
"30.07.2020","2,180","2,175","2,196","2,162","31,24M","0,55%"
"29.07.2020","2,168","2,191","2,233","2,098","164,74M","-1,05%"
"28.07.2020","2,191","2,305","2,346","2,191","216,48M","-4,90%"
"27.07.2020","2,304","2,217","2,326","2,212","289,16M","4,40%"
"24.07.2020","2,207","2,175","2,231","2,159","140,49M","0,82%"
"23.07.2020","2,189","2,170","2,251","2,157","145,17M","1,39%"
"22.07.2020","2,159","2,223","2,254","2,144","134,64M","-2,09%"
"21.07.2020","2,205","2,336","2,344","2,167","203,49M","-3,12%"
"20.07.2020","2,276","2,244","2,378","2,230","279,99M","1,43%"
"17.07.2020","2,244","2,114","2,299","2,086","677,50M","6,15%"
"16.07.2020","2,114","1,928","2,114","1,924","474,47M","9,99%"
"14.07.2020","1,922","1,907","1,965","1,877","308,36M","0,52%"
"13.07.2020","1,912","1,812","1,936","1,812","347,88M","8,57%"
"10.07.2020","1,761","1,748","1,806","1,687","150,41M","0,86%"
"09.07.2020","1,746","1,841","1,845","1,746","69,62M","-4,59%"
"08.07.2020","1,830","1,872","1,887","1,830","84,39M","-2,09%"
"07.07.2020","1,869","1,835","1,903","1,787","242,37M","1,85%"
"06.07.2020","1,835","1,841","1,853","1,829","72,80M","0,71%"
"03.07.2020","1,822","1,848","1,869","1,819","118,83M","-1,41%"
"02.07.2020","1,848","1,777","1,848","1,775","160,37M","4,17%"
"01.07.2020","1,774","1,746","1,798","1,740","198,75M","1,95%"
"30.06.2020","1,740","1,743","1,758","1,733","69,50M","0,17%"
"29.06.2020","1,737","1,733","1,748","1,717","51,03M","0,12%"
"26.06.2020","1,735","1,751","1,771","1,735","87,53M","-0,63%"
"25.06.2020","1,746","1,703","1,746","1,703","99,38M","2,65%"
"24.06.2020","1,701","1,732","1,764","1,700","95,69M","-1,79%"
"23.06.2020","1,732","1,748","1,758","1,722","57,58M","-0,29%"
"22.06.2020","1,737","1,756","1,775","1,732","91,47M","-0,74%"
"19.06.2020","1,750","1,756","1,803","1,721","228,83M","-0,06%"
"18.06.2020","1,751","1,706","1,809","1,701","257,60M","2,52%"
"17.06.2020","1,708","1,740","1,748","1,708","82,57M","-1,44%"
"16.06.2020","1,733","1,753","1,766","1,733","177,46M","0,23%"
"15.06.2020","1,729","1,655","1,780","1,645","411,38M","4,09%"
"12.06.2020","1,661","1,658","1,679","1,646","97,92M","-0,66%"
"11.06.2020","1,672","1,667","1,713","1,655","297,81M","0,00%"
"10.06.2020","1,672","1,640","1,700","1,635","169,50M","2,64%"
"09.06.2020","1,629","1,617","1,646","1,609","75,32M","0,99%"
"08.06.2020","1,613","1,640","1,663","1,611","79,57M","-1,47%"
"05.06.2020","1,637","1,643","1,663","1,630","76,11M","-0,30%"
"04.06.2020","1,642","1,666","1,685","1,638","98,42M","-1,32%"
"03.06.2020","1,664","1,679","1,685","1,664","80,76M","0,00%"
"02.06.2020","1,664","1,659","1,688","1,650","166,36M","0,79%"
"01.06.2020","1,651","1,664","1,704","1,650","151,33M","0,49%"
"29.05.2020","1,643","1,700","1,713","1,643","180,47M","-2,67%"
"28.05.2020","1,688","1,635","1,693","1,584","308,62M","3,81%"
"27.05.2020","1,626","1,656","1,663","1,626","118,97M","0,74%"
"22.05.2020","1,614","1,605","1,638","1,587","151,40M","0,56%"
"21.05.2020","1,605","1,645","1,674","1,603","129,71M","-2,43%"
"20.05.2020","1,645","1,664","1,716","1,622","325,96M","-0,60%"
"18.05.2020","1,655","1,708","1,793","1,643","700,32M","1,29%"
"15.05.2020","1,634","1,530","1,634","1,510","248,53M","10,03%"
"14.05.2020","1,485","1,460","1,534","1,460","318,33M","1,30%"
"13.05.2020","1,466","1,437","1,487","1,435","169,49M","2,37%"
"12.05.2020","1,432","1,435","1,461","1,429","110,45M","-0,14%"
"11.05.2020","1,434","1,498","1,505","1,434","178,64M","-4,40%"
"08.05.2020","1,500","1,530","1,569","1,500","343,81M","-0,73%"
"07.05.2020","1,511","1,445","1,519","1,432","441,26M","4,57%"
"06.05.2020","1,445","1,435","1,461","1,414","151,04M","0,91%"
"05.05.2020","1,432","1,379","1,461","1,377","297,19M","4,91%"
"04.05.2020","1,365","1,377","1,395","1,360","49,46M","-2,92%"
"30.04.2020","1,406","1,437","1,443","1,374","83,10M","-1,82%"
"29.04.2020","1,432","1,426","1,469","1,416","202,64M","1,13%"
"28.04.2020","1,416","1,460","1,468","1,414","119,50M","-2,68%"
"27.04.2020","1,455","1,452","1,487","1,437","257,44M","1,96%"
"24.04.2020","1,427","1,408","1,471","1,397","341,98M","1,57%"
"22.04.2020","1,405","1,348","1,458","1,339","488,00M","4,93%"
"21.04.2020","1,339","1,348","1,377","1,332","92,57M","-1,90%"
"20.04.2020","1,365","1,371","1,397","1,352","74,18M","-0,29%"
"17.04.2020","1,369","1,377","1,413","1,344","188,05M","2,01%"
"16.04.2020","1,342","1,361","1,397","1,313","172,62M","-1,03%"
"15.04.2020","1,356","1,435","1,439","1,344","141,21M","-5,24%"
"14.04.2020","1,431","1,450","1,484","1,408","243,09M","0,56%"
"13.04.2020","1,423","1,424","1,476","1,403","141,88M","-0,63%"
"10.04.2020","1,432","1,461","1,482","1,426","160,22M","-1,92%"
"09.04.2020","1,460","1,497","1,505","1,440","194,25M","-0,54%"
"08.04.2020","1,468","1,450","1,511","1,385","445,31M","1,94%"
"07.04.2020","1,440","1,530","1,593","1,402","469,71M","-3,49%"
"06.04.2020","1,492","1,410","1,492","1,373","378,47M","10,03%"
"03.04.2020","1,356","1,249","1,356","1,232","508,24M","9,89%"
"02.04.2020","1,234","1,300","1,321","1,166","414,56M","-3,06%"
"01.04.2020","1,273","1,450","1,535","1,273","522,08M","-9,91%"
"31.03.2020","1,413","1,329","1,413","1,329","180,13M","9,88%"
"30.03.2020","1,286","1,232","1,286","1,171","270,29M","9,91%"
"27.03.2020","1,170","1,170","1,170","1,070","190,46M","10,07%"
"26.03.2020","1,063","1,010","1,063","0,999","75,45M","9,93%"
"25.03.2020","0,967","0,967","0,967","0,918","193,49M","9,89%"
"24.03.2020","0,880","0,844","0,880","0,828","65,09M","9,86%"
"23.03.2020","0,801","0,785","0,833","0,785","75,38M","-4,53%"
"20.03.2020","0,839","0,846","0,857","0,826","73,06M","1,70%"
"19.03.2020","0,825","0,831","0,860","0,817","111,07M","-1,90%"
"18.03.2020","0,841","0,836","0,888","0,806","123,72M","-2,44%"
"17.03.2020","0,862","0,939","0,949","0,843","136,97M","-7,91%"
"16.03.2020","0,936","0,952","0,975","0,936","80,53M","-9,91%"
"13.03.2020","1,039","0,957","1,055","0,910","103,48M","8,23%"
"12.03.2020","0,960","1,112","1,176","0,954","110,84M","-14,89%"
"11.03.2020","1,128","1,120","1,141","1,087","59,73M","-1,40%"
"10.03.2020","1,144","1,282","1,289","1,137","63,13M","-7,29%"
"09.03.2020","1,234","1,310","1,310","1,179","60,76M","-8,80%"
"06.03.2020","1,353","1,421","1,431","1,339","35,60M","-4,65%"
"05.03.2020","1,419","1,435","1,458","1,418","33,55M","0,42%"
"04.03.2020","1,413","1,463","1,479","1,411","57,55M","-3,81%"
"03.03.2020","1,469","1,452","1,487","1,435","70,11M","3,38%"
"02.03.2020","1,421","1,468","1,474","1,405","44,68M","1,14%"
"28.02.2020","1,405","1,192","1,431","1,192","62,36M","-3,50%"
"27.02.2020","1,456","1,564","1,588","1,455","104,16M","-8,31%"
"26.02.2020","1,588","1,574","1,658","1,566","141,88M","0,19%"
"25.02.2020","1,585","1,606","1,622","1,563","68,81M","0,51%"
"24.02.2020","1,577","1,530","1,603","1,530","77,99M","-0,32%"
"21.02.2020","1,582","1,548","1,598","1,522","104,61M","0,83%"
"20.02.2020","1,569","1,667","1,675","1,543","149,93M","-4,50%"
"19.02.2020","1,643","1,646","1,664","1,616","84,22M","0,49%"
"18.02.2020","1,635","1,648","1,688","1,611","89,41M","-1,68%"
"17.02.2020","1,663","1,664","1,708","1,646","92,45M","1,09%"
"14.02.2020","1,645","1,692","1,698","1,645","100,00M","-1,73%"
"13.02.2020","1,674","1,539","1,722","1,537","371,02M","8,77%"
"12.02.2020","1,539","1,555","1,563","1,535","85,28M","-1,03%"
"11.02.2020","1,555","1,534","1,579","1,514","213,46M","3,87%"
"10.02.2020","1,497","1,484","1,587","1,426","328,65M","0,81%"
"07.02.2020","1,485","1,497","1,526","1,474","131,46M","-0,27%"
"06.02.2020","1,489","1,506","1,580","1,484","455,23M","-2,30%"
"05.02.2020","1,524","1,327","1,574","1,319","700,13M","15,19%"
"04.02.2020","1,323","1,315","1,334","1,311","50,28M","1,61%"
"03.02.2020","1,302","1,323","1,340","1,297","87,65M","-0,84%"
"31.01.2020","1,313","1,271","1,323","1,258","100,62M","3,96%"
"30.01.2020","1,263","1,274","1,279","1,252","48,23M","-1,02%"
"29.01.2020","1,276","1,284","1,303","1,271","68,91M","0,24%"
"28.01.2020","1,273","1,290","1,295","1,269","43,25M","-0,70%"
"27.01.2020","1,282","1,282","1,298","1,273","57,51M","-1,91%"
"24.01.2020","1,307","1,345","1,352","1,289","117,09M","-2,39%"
"23.01.2020","1,339","1,282","1,344","1,281","146,80M","4,45%"
"22.01.2020","1,282","1,295","1,307","1,282","68,12M","-0,62%"
"21.01.2020","1,290","1,289","1,295","1,282","37,43M","-0,62%"
"20.01.2020","1,298","1,290","1,307","1,282","55,54M","1,49%"
"17.01.2020","1,279","1,294","1,300","1,265","48,73M","-0,78%"
"16.01.2020","1,289","1,316","1,326","1,287","76,64M","-1,60%"
"15.01.2020","1,310","1,323","1,331","1,297","67,40M","-0,98%"
"14.01.2020","1,323","1,319","1,352","1,315","114,56M","0,38%"
"13.01.2020","1,318","1,265","1,332","1,260","129,82M","5,27%"
"10.01.2020","1,252","1,265","1,266","1,247","42,85M","-0,63%"
"09.01.2020","1,260","1,257","1,266","1,245","51,49M","3,28%"
"08.01.2020","1,220","1,208","1,232","1,205","46,60M","-1,61%"
"07.01.2020","1,240","1,224","1,252","1,224","42,87M","2,23%"
"06.01.2020","1,213","1,224","1,236","1,213","55,83M","-2,73%"
"03.01.2020","1,247","1,257","1,265","1,218","77,63M","-2,04%"
"02.01.2020","1,273","1,247","1,281","1,245","72,31M","2,25%"
"31.12.2019","1,245","1,231","1,258","1,221","79,32M","1,38%"
"30.12.2019","1,228","1,237","1,253","1,223","52,52M","0,57%"
"27.12.2019","1,221","1,231","1,234","1,202","40,35M","-0,25%"
"26.12.2019","1,224","1,249","1,253","1,221","38,94M","-1,61%"
"25.12.2019","1,244","1,257","1,263","1,244","34,02M","-0,40%"
"24.12.2019","1,249","1,263","1,268","1,249","53,74M","-0,64%"
"23.12.2019","1,257","1,221","1,257","1,220","91,72M","3,80%"
"20.12.2019","1,211","1,218","1,242","1,211","80,71M","-0,16%"
"19.12.2019","1,213","1,229","1,231","1,211","37,51M","-0,66%"
"18.12.2019","1,221","1,186","1,232","1,179","81,03M","1,75%"
"17.12.2019","1,200","1,223","1,229","1,199","52,81M","-1,32%"
"16.12.2019","1,216","1,195","1,226","1,192","81,43M","2,01%"
"13.12.2019","1,192","1,215","1,223","1,191","74,72M","-1,32%"
"12.12.2019","1,208","1,194","1,223","1,192","94,03M","1,85%"
"11.12.2019","1,186","1,171","1,205","1,150","122,16M","1,37%"
"10.12.2019","1,170","1,191","1,200","1,162","93,93M","-1,35%"
"09.12.2019","1,186","1,152","1,192","1,147","116,56M","3,40%"
"06.12.2019","1,147","1,112","1,162","1,079","159,40M","4,08%"
"05.12.2019","1,102","1,102","1,118","1,081","115,27M","0,27%"
"04.12.2019","1,099","1,039","1,107","1,036","110,65M","6,29%"
"03.12.2019","1,034","1,063","1,070","1,033","75,01M","-2,27%"
"02.12.2019","1,058","1,031","1,060","1,028","102,56M","3,12%"
"29.11.2019","1,026","1,031","1,041","1,023","39,29M","-0,29%"
"28.11.2019","1,029","1,009","1,036","1,007","67,19M","2,18%"
"27.11.2019","1,007","1,018","1,021","1,007","26,86M","-1,08%"
"26.11.2019","1,018","1,002","1,023","1,000","40,10M","1,80%"
"25.11.2019","1,000","1,015","1,021","1,000","39,96M","-0,89%"
"22.11.2019","1,009","1,017","1,021","1,005","28,00M","-0,59%"
"21.11.2019","1,015","1,018","1,028","1,010","30,58M","-0,29%"
"20.11.2019","1,018","1,041","1,049","1,005","60,62M","-2,30%"
"19.11.2019","1,042","1,046","1,047","1,034","42,96M","-0,19%"
"18.11.2019","1,044","1,046","1,052","1,041","51,89M","0,58%"
"15.11.2019","1,038","1,025","1,039","1,023","45,43M","1,96%"
"14.11.2019","1,018","1,025","1,042","1,013","94,26M","0,79%"
"13.11.2019","1,010","1,017","1,023","1,007","61,69M","-0,30%"
"12.11.2019","1,013","0,999","1,017","0,999","70,84M","1,71%"
"11.11.2019","0,996","0,994","1,000","0,992","37,97M","0,20%"
"08.11.2019","0,994","0,996","1,004","0,994","51,64M","0,00%"
"07.11.2019","0,994","0,991","1,000","0,986","74,70M","1,02%"
"06.11.2019","0,984","0,991","1,002","0,981","100,54M","-0,51%"
"05.11.2019","0,989","1,017","1,017","0,981","163,34M","-2,85%"
"04.11.2019","1,018","1,092","1,092","1,018","302,82M","-7,79%"
"01.11.2019","1,104","1,123","1,126","1,097","58,23M","-1,52%"
"31.10.2019","1,121","1,099","1,128","1,097","120,63M","2,66%"
"30.10.2019","1,092","1,091","1,121","1,084","121,27M","-0,64%"
"28.10.2019","1,099","1,063","1,102","1,060","68,83M","3,68%"
"25.10.2019","1,060","1,038","1,065","1,031","85,74M","2,32%"
"24.10.2019","1,036","1,044","1,054","1,026","67,15M","-0,29%"
"23.10.2019","1,039","1,015","1,044","1,012","89,77M","2,97%"
"22.10.2019","1,009","1,010","1,020","1,004","31,04M","0,00%"
"21.10.2019","1,009","1,004","1,013","0,994","31,19M","1,00%"
"18.10.2019","0,999","0,991","0,999","0,983","28,28M","4,06%"
"17.10.2019","0,960","0,954","0,962","0,942","17,06M","0,63%"
"16.10.2019","0,954","0,936","0,959","0,918","30,03M","0,53%"
"15.10.2019","0,949","0,938","0,949","0,934","13,11M","2,48%"
"14.10.2019","0,926","0,965","0,965","0,920","21,17M","-4,54%"
"11.10.2019","0,970","0,968","0,981","0,962","20,60M","0,52%"
"10.10.2019","0,965","0,975","0,981","0,946","20,91M","-0,62%"
"09.10.2019","0,971","0,984","0,992","0,967","22,02M","-1,22%"
"08.10.2019","0,983","0,996","1,002","0,970","41,73M","-1,70%"
"07.10.2019","1,000","1,000","1,029","0,992","64,40M","-0,20%"
"04.10.2019","1,002","1,005","1,010","1,000","24,53M","0,20%"
"03.10.2019","1,000","1,015","1,029","0,997","55,42M","-1,28%"
"02.10.2019","1,013","0,999","1,025","0,989","46,40M","1,60%"
"01.10.2019","0,997","1,034","1,046","0,997","88,47M","-3,02%"
"30.09.2019","1,028","1,028","1,039","1,020","93,96M","0,69%"
"27.09.2019","1,021","1,002","1,025","0,999","89,44M","2,41%"
"26.09.2019","0,997","0,997","1,013","0,996","46,61M","0,30%"
"25.09.2019","0,994","0,997","0,999","0,991","21,17M","-0,50%"
"24.09.2019","0,999","1,007","1,010","0,994","28,09M","0,30%"
"23.09.2019","0,996","0,996","1,013","0,992","70,71M","1,84%"
"20.09.2019","0,978","0,997","1,013","0,976","58,70M","-1,61%"
"19.09.2019","0,994","0,986","1,000","0,986","46,24M","1,12%"
"18.09.2019","0,983","0,981","1,000","0,976","47,04M","0,31%"
"17.09.2019","0,980","0,973","0,983","0,963","25,64M","0,51%"
"16.09.2019","0,975","0,997","0,997","0,973","26,72M","-2,40%"
"13.09.2019","0,999","0,999","1,007","0,991","33,89M","0,00%"
"12.09.2019","0,999","1,020","1,023","0,988","46,50M","-1,87%"
"11.09.2019","1,018","1,017","1,038","1,010","94,86M","0,30%"
"10.09.2019","1,015","0,978","1,015","0,975","116,18M","3,78%"
"09.09.2019","0,978","0,978","0,984","0,973","23,21M","0,51%"
"06.09.2019","0,973","0,978","0,992","0,970","22,29M","-0,82%"
"05.09.2019","0,981","0,994","0,999","0,976","21,03M","-1,01%"
"04.09.2019","0,991","0,996","1,002","0,989","31,23M","0,00%"
"03.09.2019","0,991","0,973","0,996","0,959","84,42M","1,85%"
"02.09.2019","0,973","0,936","0,983","0,933","81,50M","3,95%"
"29.08.2019","0,936","0,942","0,944","0,933","14,63M","-0,53%"
"28.08.2019","0,941","0,951","0,955","0,936","18,07M","-0,53%"
"27.08.2019","0,946","0,952","0,959","0,944","40,72M","-0,53%"
"26.08.2019","0,951","0,938","0,954","0,934","19,38M","-0,11%"
"23.08.2019","0,952","0,917","0,960","0,917","57,59M","4,04%"
"22.08.2019","0,915","0,923","0,926","0,910","15,17M","-0,76%"
"21.08.2019","0,922","0,939","0,944","0,915","16,81M","-2,02%"
"20.08.2019","0,941","0,934","0,946","0,928","18,65M","0,32%"
"19.08.2019","0,938","0,970","0,973","0,926","42,05M","-3,00%"
"16.08.2019","0,967","0,989","1,020","0,967","107,82M","-1,63%"
"15.08.2019","0,983","0,994","0,994","0,980","13,68M","-1,40%"
"09.08.2019","0,997","0,988","1,007","0,975","27,21M","1,42%"
"08.08.2019","0,983","0,984","0,989","0,971","14,87M","0,51%"
"07.08.2019","0,978","0,996","0,999","0,970","18,95M","-1,41%"
"06.08.2019","0,992","0,997","1,004","0,992","18,29M","-0,40%"
"05.08.2019","0,996","0,988","1,009","0,986","32,32M","0,81%"
"02.08.2019","0,988","0,996","1,002","0,986","15,86M","-0,90%"
"01.08.2019","0,997","0,984","1,007","0,983","12,79M","0,50%"
"31.07.2019","0,992","0,999","1,005","0,992","19,75M","-0,50%"
"30.07.2019","0,997","1,010","1,012","0,997","20,02M","-1,19%"
"29.07.2019","1,009","1,017","1,023","1,007","34,98M","0,20%"
"26.07.2019","1,007","0,991","1,012","0,991","37,35M","1,92%"
"25.07.2019","0,988","1,004","1,007","0,984","23,44M","-1,20%"
"24.07.2019","1,000","1,012","1,012","0,996","19,91M","-0,99%"
"23.07.2019","1,010","0,999","1,018","0,996","38,02M","1,10%"
"22.07.2019","0,999","1,012","1,017","0,994","19,40M","-1,09%"
"19.07.2019","1,010","1,025","1,026","1,009","30,41M","-0,79%"
"18.07.2019","1,018","1,015","1,029","1,009","51,35M","0,30%"
"17.07.2019","1,015","1,002","1,017","0,997","43,69M","1,81%"
"16.07.2019","0,997","1,005","1,009","0,984","34,66M","-0,20%"
"12.07.2019","0,999","1,057","1,058","0,996","64,91M","-5,22%"
"11.07.2019","1,054","1,075","1,081","1,049","45,13M","-1,03%"
"10.07.2019","1,065","1,083","1,099","1,034","133,83M","0,19%"
"09.07.2019","1,063","1,113","1,118","1,054","73,30M","-4,23%"
"08.07.2019","1,110","1,083","1,116","1,076","102,14M","1,46%"
"05.07.2019","1,094","1,112","1,113","1,092","31,12M","-1,00%"
"04.07.2019","1,105","1,107","1,116","1,089","55,18M","0,27%"
"03.07.2019","1,102","1,116","1,118","1,087","46,48M","-0,90%"
"02.07.2019","1,112","1,108","1,128","1,086","81,33M","0,72%"
"01.07.2019","1,104","1,089","1,108","1,081","78,33M","2,70%"
"28.06.2019","1,075","1,058","1,099","1,052","87,98M","1,90%"
"27.06.2019","1,055","1,049","1,057","1,044","29,66M","1,05%"
"26.06.2019","1,044","1,063","1,071","1,034","49,62M","-1,69%"
"25.06.2019","1,062","1,070","1,070","1,055","38,20M","-0,09%"
"24.06.2019","1,063","1,079","1,084","1,050","118,56M","0,57%"
"21.06.2019","1,057","1,007","1,078","1,002","315,21M","5,81%"
"20.06.2019","0,999","1,036","1,039","0,997","44,73M","-2,54%"
"19.06.2019","1,025","1,058","1,060","1,021","55,59M","-2,38%"
"18.06.2019","1,050","1,038","1,065","1,034","110,41M","1,65%"
"17.06.2019","1,033","1,042","1,057","1,025","87,56M","-0,86%"
"14.06.2019","1,042","0,983","1,044","0,983","216,24M","6,54%"
"13.06.2019","0,978","1,013","1,013","0,974","72,52M","-3,46%"
"12.06.2019","1,013","1,019","1,034","1,013","77,52M","-0,39%"
"11.06.2019","1,017","1,056","1,059","1,009","112,58M","-2,96%"
"10.06.2019","1,048","0,994","1,054","0,994","250,00M","8,49%"
"07.06.2019","0,966","0,954","0,972","0,954","26,55M","1,58%"
"03.06.2019","0,951","0,968","0,969","0,951","15,87M","-1,55%"
"31.05.2019","0,966","0,961","0,978","0,954","65,33M","0,84%"
"30.05.2019","0,958","0,951","0,966","0,946","134,39M","1,91%"
"29.05.2019","0,940","0,930","0,974","0,929","255,67M","1,18%"
"28.05.2019","0,929","0,947","0,958","0,926","129,91M","-1,28%"
"27.05.2019","0,941","0,926","0,971","0,921","293,75M","1,29%"
"24.05.2019","0,929","0,825","0,937","0,825","436,51M","15,40%"
"23.05.2019","0,805","0,772","0,822","0,771","74,36M","3,87%"
"22.05.2019","0,775","0,806","0,816","0,775","33,35M","-4,67%"
"21.05.2019","0,813","0,850","0,857","0,808","52,68M","-4,35%"
"20.05.2019","0,850","0,806","0,859","0,806","102,20M","5,59%"
"17.05.2019","0,805","0,791","0,819","0,783","25,17M","1,39%"
"16.05.2019","0,794","0,802","0,817","0,794","24,23M","-0,75%"
"15.05.2019","0,800","0,823","0,823","0,789","16,95M","-2,79%"
"14.05.2019","0,823","0,814","0,831","0,805","20,51M","0,12%"
"13.05.2019","0,822","0,845","0,848","0,788","30,56M","-3,29%"
"10.05.2019","0,850","0,879","0,881","0,845","14,07M","-1,96%"
"09.05.2019","0,867","0,901","0,906","0,862","13,23M","-3,77%"
"08.05.2019","0,901","0,910","0,923","0,899","12,46M","-0,88%"
"07.05.2019","0,909","0,895","0,916","0,893","12,26M","-1,94%"
"06.05.2019","0,927","0,930","0,938","0,912","18,33M","-1,17%"
"03.05.2019","0,938","0,937","0,946","0,937","9,80M","0,11%"
"02.05.2019","0,937","0,949","0,958","0,935","30,04M","-0,43%"
"30.04.2019","0,941","0,946","0,958","0,935","24,73M","0,53%"
"29.04.2019","0,936","0,914","0,940","0,908","32,79M","1,85%"
"26.04.2019","0,919","0,929","0,929","0,914","12,99M","0,66%"
"25.04.2019","0,913","0,925","0,927","0,909","12,61M","-0,98%"
"24.04.2019","0,922","0,925","0,930","0,922","9,03M","-0,54%"
"22.04.2019","0,927","0,945","0,947","0,927","28,15M","-2,11%"
"19.04.2019","0,947","0,926","0,955","0,921","24,04M","2,27%"
"18.04.2019","0,926","0,927","0,931","0,921","9,84M","-0,11%"
"17.04.2019","0,927","0,931","0,934","0,925","16,13M","-0,11%"
"16.04.2019","0,928","0,927","0,935","0,923","16,92M","0,76%"
"15.04.2019","0,921","0,908","0,927","0,908","11,24M","0,33%"
"12.04.2019","0,918","0,925","0,925","0,906","18,87M","-0,76%"
"11.04.2019","0,925","0,938","0,942","0,919","20,93M","-0,96%"
"10.04.2019","0,934","0,930","0,954","0,919","78,85M","0,54%"
"09.04.2019","0,929","0,918","0,937","0,914","38,59M","1,75%"
"08.04.2019","0,913","0,936","0,937","0,910","16,59M","-2,56%"
"05.04.2019","0,937","0,944","0,952","0,928","30,73M","-0,74%"
"04.04.2019","0,944","0,922","0,944","0,921","37,38M","2,39%"
"03.04.2019","0,922","0,927","0,942","0,918","31,16M","-0,11%"
"02.04.2019","0,923","0,927","0,945","0,922","32,79M","-0,65%"
"01.04.2019","0,929","0,905","0,931","0,886","25,59M","2,88%"
"29.03.2019","0,903","0,887","0,903","0,874","18,75M","2,61%"
"28.03.2019","0,880","0,867","0,893","0,850","25,12M","1,50%"
"27.03.2019","0,867","0,911","0,916","0,862","31,04M","-4,30%"
"26.03.2019","0,906","0,932","0,936","0,901","23,58M","-2,27%"
"25.03.2019","0,927","0,937","0,942","0,902","30,36M","-0,54%"
"22.03.2019","0,932","0,977","0,979","0,932","29,23M","-4,12%"
"21.03.2019","0,972","0,988","0,992","0,963","36,55M","0,93%"
"20.03.2019","0,963","0,995","0,997","0,956","37,56M","-2,92%"
"19.03.2019","0,992","0,990","1,005","0,988","55,17M","0,51%"
"18.03.2019","0,987","0,988","1,001","0,983","43,00M","0,41%"
"15.03.2019","0,983","0,964","0,991","0,961","74,16M","2,40%"
"14.03.2019","0,960","0,954","0,968","0,952","32,09M","0,95%"
"13.03.2019","0,951","0,952","0,962","0,947","23,99M","-0,31%"
"12.03.2019","0,954","0,958","0,963","0,948","16,24M","0,10%"
"11.03.2019","0,953","0,949","0,969","0,945","26,69M","0,85%"
"08.03.2019","0,945","0,954","0,956","0,929","20,45M","-0,94%"
"07.03.2019","0,954","0,982","0,984","0,952","24,81M","-2,75%"
"06.03.2019","0,981","0,998","1,005","0,981","29,56M","-1,41%"
"05.03.2019","0,995","0,981","1,009","0,978","119,75M","1,12%"
"04.03.2019","0,984","0,983","1,012","0,978","81,98M","1,55%"
"01.03.2019","0,969","0,974","0,981","0,957","36,91M","-0,21%"
"28.02.2019","0,971","0,962","0,973","0,952","29,46M","0,94%"
"27.02.2019","0,962","0,983","0,988","0,962","34,79M","-2,04%"
"26.02.2019","0,982","0,982","1,003","0,980","59,52M","0,10%"
"25.02.2019","0,981","0,966","0,994","0,965","76,46M","2,08%"
"22.02.2019","0,961","0,935","0,961","0,935","52,44M","2,89%"
"21.02.2019","0,934","0,927","0,942","0,922","35,71M","0,86%"
"20.02.2019","0,926","0,927","0,937","0,926","15,83M","0,11%"
"19.02.2019","0,925","0,936","0,937","0,917","22,37M","-0,96%"
"18.02.2019","0,934","0,951","0,966","0,934","55,56M","-0,85%"
"15.02.2019","0,942","0,949","0,949","0,938","16,28M","-0,74%"
"14.02.2019","0,949","0,935","0,954","0,928","28,84M","1,61%"
"13.02.2019","0,934","0,964","0,966","0,930","23,77M","-2,51%"
"12.02.2019","0,958","0,981","0,989","0,958","47,37M","-1,74%"
"11.02.2019","0,975","0,961","0,980","0,956","57,21M","2,31%"
"08.02.2019","0,953","0,953","0,964","0,949","14,27M","0,00%"
"07.02.2019","0,953","0,949","0,972","0,947","46,00M","0,63%"
"06.02.2019","0,947","0,954","0,960","0,946","25,84M","-0,21%"
"05.02.2019","0,949","0,972","0,973","0,947","27,02M","-1,76%"
"04.02.2019","0,966","0,961","0,974","0,944","36,44M","0,63%"
"01.02.2019","0,960","0,980","0,994","0,957","39,68M","-2,04%"
"31.01.2019","0,980","1,020","1,023","0,979","64,76M","-2,97%"
"30.01.2019","1,010","0,999","1,018","0,994","107,26M","1,51%"
"29.01.2019","0,995","0,980","0,998","0,975","58,47M","1,74%"
"28.01.2019","0,978","0,990","0,997","0,978","47,37M","-0,91%"
"25.01.2019","0,987","0,992","1,004","0,971","78,67M","-0,20%"
"24.01.2019","0,989","0,965","0,994","0,963","95,57M","2,70%"
"23.01.2019","0,963","0,983","0,986","0,963","43,57M","-1,63%"
"22.01.2019","0,979","0,956","0,992","0,956","110,61M","2,94%"
"21.01.2019","0,951","0,939","0,961","0,934","66,92M","1,60%"
"18.01.2019","0,936","0,931","0,943","0,928","32,37M","0,75%"
"17.01.2019","0,929","0,942","0,952","0,929","52,38M","-0,96%"
"16.01.2019","0,938","0,930","0,945","0,921","64,29M","1,19%"
"15.01.2019","0,927","0,928","0,938","0,922","40,34M","0,54%"
"14.01.2019","0,922","0,917","0,931","0,909","35,17M","-0,65%"
"11.01.2019","0,928","0,919","0,931","0,909","30,52M","1,20%"
"10.01.2019","0,917","0,917","0,936","0,916","40,57M","0,33%"
"09.01.2019","0,914","0,904","0,927","0,899","59,56M","1,56%"
"08.01.2019","0,900","0,899","0,902","0,885","16,80M","0,33%"
"07.01.2019","0,897","0,899","0,909","0,894","15,54M","0,34%"
"04.01.2019","0,894","0,886","0,896","0,876","19,07M","1,59%"
"03.01.2019","0,880","0,896","0,913","0,880","25,00M","-2,33%"
"02.01.2019","0,901","0,934","0,936","0,901","19,17M","-2,70%"